句1模型,句1词牌,句1题目,句1内容,句2模型,句2词牌,句2题目,句2内容,语义相似度,字面相似度,差值(伪原创指数)
deepseek-3.2-thinking,清平乐,感怀宗规,云锁峰峦千叠,qwen3.6-plus,菩萨蛮,云崖问剑,灵峰叠嶂锁云岫,0.8875,0.1538,0.7337
doubao-seed-2.0-pro,沁园春,登云阁望剑坪有感,云锁层峰,qwen3.6-plus,菩萨蛮,云崖问剑,灵峰叠嶂锁云岫,0.8536,0.1818,0.6718
doubao-seed-2.0-pro,沁园春,登望云峰有感,云锁层峰,qwen3.6-plus,菩萨蛮,云崖问剑,灵峰叠嶂锁云岫,0.8536,0.1818,0.6718
doubao-seed-2.0-pro,沁园春,宗门晚眺抒怀,云锁层峰,qwen3.6-plus,菩萨蛮,云崖问剑,灵峰叠嶂锁云岫,0.8536,0.1818,0.6718
doubao-seed-2.0-pro,沁园春,宗阁抒怀,云锁层峰,qwen3.6-plus,菩萨蛮,云崖问剑,灵峰叠嶂锁云岫,0.8536,0.1818,0.6718
doubao-seed-2.0-pro,沁园春,登云阁望剑坪有感,霜凝剑锷,qwen3.6-plus,菩萨蛮,云阶问律,剑魄凝霜重,0.8824,0.2222,0.6602
doubao-seed-2.0-pro,沁园春,登云阁望剑坪有感,霜凝剑锷,qwen3.6-plus,浪淘沙,宗门规诫有感,剑气凝霜,0.9091,0.2500,0.6591
deepseek-3.2-thinking,菩萨蛮,宗规思变,改革路艰深,deepseek-3.2-thinking,沁园春,宗规思变,变革途多阻,0.8584,0.2000,0.6584
deepseek-3.2-thinking,沁园春,宗规感怀,权衡利弊,deepseek-3.2-thinking,沁园春,仙门思变,有弊利相权,0.8801,0.2222,0.6578
doubao-seed-2.0-pro,清平乐,宗门夜坐感怀,霜凝剑鞘,qwen3.6-plus,菩萨蛮,云阶问律,剑魄凝霜重,0.8744,0.2222,0.6522
deepseek-3.2-thinking,沁园春,宗规思变,变革途多阻,deepseek-3.2-thinking,祝英台近,宗规思变,改革路艰险,0.8509,0.2000,0.6509
deepseek-3.2-thinking,浪淘沙,宗规感怀,规矩卫宗风,deepseek-3.2-thinking,沁园春,宗规感怀,宗派规严,0.8689,0.2222,0.6466
qwen3.6-plus,沁园春,宗律有感,严霜砺剑,glm-5,祝英台近,宗规,寒剑凛霜刃,0.8590,0.2222,0.6368
qwen3.6-plus,浪淘沙,清规叹,独倚危栏,glm-5,沁园春,宗门旧制,独对阑干,0.8860,0.2500,0.6360
qwen3.6-plus,浪淘沙,宗门夜叹,独倚危栏,glm-5,沁园春,宗门旧制,独对阑干,0.8860,0.2500,0.6360
glm-5,沁园春,宗门旧制,独对阑干,glm-5,浪淘沙,宗门旧规感怀,独倚危栏,0.8860,0.2500,0.6360
glm-5,沁园春,宗门旧制,独对阑干,glm-5,浪淘沙,宗门感怀,独倚危栏,0.8860,0.2500,0.6360
glm-5,沁园春,宗门旧制,独倚危栏,glm-5,沁园春,宗门旧制,独对阑干,0.8860,0.2500,0.6360
doubao-seed-2.0-pro,浪淘沙,松寮夜坐抒怀,动议众声嘲,glm-5,浪淘沙,规矩之叹,众议喧繁,0.8582,0.2222,0.6360
doubao-seed-2.0-pro,沁园春,凌霄峰感事,锋凝霜雪,qwen3.6-plus,祝英台近,剑阁秋思,霜刃凝秋玉,0.8578,0.2222,0.6356
deepseek-3.2-thinking,清平乐,宗门感事,宗规旧矩,deepseek-3.2-thinking,清平乐,规变沉吟,规矩保宗风,0.8569,0.2222,0.6347
doubao-seed-2.0-pro,沁园春,宗门感事,霜凝剑匣,qwen3.6-plus,菩萨蛮,云阶问律,剑魄凝霜重,0.8565,0.2222,0.6343
doubao-seed-2.0-pro,沁园春,宗阁有所思,霜横剑锷,qwen3.6-plus,祝英台近,云崖戒尺吟,剑阁霜锋冷,0.8564,0.2222,0.6342
qwen3.6-plus,祝英台近,云崖问剑,霜毛渐染,glm-5,浪淘沙,宗门感怀,鬓染霜斑,0.8834,0.2500,0.6334
doubao-seed-2.0-pro,沁园春,宗阁有所思,霜横剑锷,glm-5,沁园春,宗门改制有感,剑气横秋,0.8802,0.2500,0.6302
deepseek-3.2-thinking,沁园春,改革之思,规训承传,qwen3.6-plus,沁园春,宗门夜思,师尊垂训,0.8787,0.2500,0.6287
qwen3.6-plus,清平乐,道枢偶感,严规冷矩,qwen3.6-plus,清平乐,观规有感,清规严锢,0.8781,0.2500,0.6281
doubao-seed-2.0-pro,沁园春,宗门夜坐书怀,云锁玄峰,deepseek-3.2-thinking,沁园春,规革沉吟,灵峰雾锁,0.8771,0.2500,0.6271
doubao-seed-2.0-pro,沁园春,宗门夜思,云锁玄峰,deepseek-3.2-thinking,沁园春,规革沉吟,灵峰雾锁,0.8771,0.2500,0.6271
doubao-seed-2.0-pro,清平乐,宗门夜坐感怀,霜凝剑鞘,qwen3.6-plus,浪淘沙,宗门规诫有感,剑气凝霜,0.8767,0.2500,0.6267
deepseek-3.2-thinking,浪淘沙,宗门感怀,规守宗传,deepseek-3.2-thinking,沁园春,宗规感怀,宗派规严,0.8761,0.2500,0.6261
deepseek-3.2-thinking,沁园春,仙规思变,云锁仙峰,deepseek-3.2-thinking,沁园春,规革沉吟,灵峰雾锁,0.8740,0.2500,0.6240
deepseek-3.2-thinking,沁园春,规革沉吟,灵峰雾锁,deepseek-3.2-thinking,沁园春,宗规感怀,云锁仙峰,0.8740,0.2500,0.6240
deepseek-3.2-thinking,沁园春,仙规思变,云锁仙峰,deepseek-3.2-thinking,沁园春,改革之思,仙山雾锁,0.8739,0.2500,0.6239
deepseek-3.2-thinking,沁园春,改革之思,仙山雾锁,deepseek-3.2-thinking,沁园春,宗规感怀,云锁仙峰,0.8739,0.2500,0.6239
doubao-seed-2.0-pro,沁园春,凌霄峰感事,锋凝霜雪,qwen3.6-plus,浪淘沙,观规有感,霜刃凝寒,0.8727,0.2500,0.6227
doubao-seed-2.0-pro,沁园春,宗阁抒怀,独倚旧栏,glm-5,沁园春,宗门旧制,独对阑干,0.8726,0.2500,0.6226
deepseek-3.2-thinking,沁园春,宗门感怀,规矩千年,qwen3.6-plus,祝英台近,云枢长老观剑阁有感,千载规绳,0.8679,0.2500,0.6179
qwen3.6-plus,浪淘沙,破阵辞,霜刃凝秋,qwen3.6-plus,浪淘沙,山门夜思,霜锷生寒,0.8658,0.2500,0.6158
doubao-seed-2.0-pro,沁园春,登观星台述怀,雾锁松关,doubao-seed-2.0-pro,清平乐,宗门夜坐抒怀,云关深锁,0.8650,0.2500,0.6150
deepseek-3.2-thinking,沁园春,宗门感怀,雾锁仙峰,deepseek-3.2-thinking,沁园春,宗规感怀,仙山云锁,0.8643,0.2500,0.6143
deepseek-3.2-thinking,沁园春,宗规感怀,灵山巍巍,deepseek-3.2-thinking,沁园春,仙门思变,仙岳巍峨,0.8619,0.2500,0.6119
deepseek-3.2-thinking,浪淘沙,宗门夜思,宗法规严,deepseek-3.2-thinking,浪淘沙,宗门感怀,规守宗传,0.8593,0.2500,0.6093
doubao-seed-2.0-pro,祝英台近,宗门夜坐书怀,旧律承传,glm-5,沁园春,宗门旧制感怀,传承旧制,0.8586,0.2500,0.6086
deepseek-3.2-thinking,菩萨蛮,宗规叹,宗门铁律千年立,deepseek-3.2-thinking,菩萨蛮,改革之思,铁律宗门传万古,0.8937,0.2857,0.6080
doubao-seed-2.0-pro,沁园春,宗门感事,霜凝剑匣,qwen3.6-plus,浪淘沙,宗门规诫有感,剑气凝霜,0.8577,0.2500,0.6077
doubao-seed-2.0-pro,沁园春,宗门夜思,束性拘灵,deepseek-3.2-thinking,沁园春,宗规感怀,灵性囚笼,0.8575,0.2500,0.6075
doubao-seed-2.0-pro,沁园春,凌霄峰感事,锋凝霜雪,qwen3.6-plus,浪淘沙,破阵辞,霜刃凝秋,0.8563,0.2500,0.6063
doubao-seed-2.0-pro,沁园春,登观星台述怀,雾锁松关,qwen3.6-plus,清平乐,云门问剑,云门深锁,0.8557,0.2500,0.6057
doubao-seed-2.0-pro,沁园春,宗门感怀,剑立层峰,doubao-seed-2.0-pro,沁园春,宗门感事,群峰危立,0.8550,0.2500,0.6050
doubao-seed-2.0-pro,沁园春,宗门感怀,寒锋砺刃,doubao-seed-2.0-pro,沁园春,宗门述怀,霜锋淬影,0.8532,0.2500,0.6032
doubao-seed-2.0-pro,沁园春,宗门抒怀,夜淬寒锋,qwen3.6-plus,祝英台近,云壑新律,长锋裂夜,0.8515,0.2500,0.6015
deepseek-3.2-thinking,沁园春,宗规感怀,灵山巍巍,deepseek-3.2-thinking,沁园春,宗门感怀,宗门巍峨,0.8508,0.2500,0.6008
deepseek-3.2-thinking,祝英台近,规锁吟,奈独坐、夜阑无寐,deepseek-3.2-thinking,清平乐,宗门夜思,独立深宵不寐,0.8847,0.2857,0.5990
qwen3.6-plus,祝英台近,剑阁春寒,长夜独对孤灯,qwen3.6-plus,清平乐,夜望宗门,独对残灯长夜,0.9283,0.3333,0.5950
deepseek-3.2-thinking,菩萨蛮,宗规思变,宗门铁律千年固,deepseek-3.2-thinking,菩萨蛮,改革之思,铁律宗门传万古,0.8806,0.2857,0.5948
doubao-seed-2.0-pro,沁园春,登凌霄阁有感,独倚阁阑,qwen3.6-plus,祝英台近,云枢长老观剑阁有感,倚危栏,0.8803,0.2857,0.5946
qwen3.6-plus,祝英台近,云枢长老观剑阁有感,倚危栏,qwen3.6-plus,沁园春,宗门夜思,独倚阑干,0.8752,0.2857,0.5895
qwen3.6-plus,祝英台近,云枢长老观剑阁有感,倚危栏,glm-5,浪淘沙,规矩之叹,独倚阑干,0.8752,0.2857,0.5895
doubao-seed-2.0-pro,浪淘沙,宗门夜望感怀,独倚阑干,qwen3.6-plus,祝英台近,云枢长老观剑阁有感,倚危栏,0.8752,0.2857,0.5895
doubao-seed-2.0-pro,沁园春,宗门感怀,寒锋砺刃,qwen3.6-plus,祝英台近,云崖问剑,淬霜锋,0.8730,0.2857,0.5873
doubao-seed-2.0-pro,沁园春,宗门夜坐感怀,凭阑望,doubao-seed-2.0-pro,祝英台近,宗门夜望有感,凭栏伫,0.9187,0.3333,0.5854
qwen3.6-plus,祝英台近,云笈问剑,凝霜刃,qwen3.6-plus,祝英台近,剑阁书怀,霜锋凝处,0.8643,0.2857,0.5786
deepseek-3.2-thinking,浪淘沙,宗门感怀,千年铁律压青松,deepseek-3.2-thinking,清平乐,宗规思变,铁律千年如岳竖,0.8594,0.2857,0.5737
doubao-seed-2.0-pro,沁园春,宗门感事,凭阑久,doubao-seed-2.0-pro,祝英台近,宗门夜望有感,凭栏伫,0.9059,0.3333,0.5726
doubao-seed-2.0-pro,沁园春,宗门感怀,凭阑久,doubao-seed-2.0-pro,祝英台近,宗门夜望有感,凭栏伫,0.9059,0.3333,0.5726
doubao-seed-2.0-pro,沁园春,宗门夜坐感事,凭阑久,doubao-seed-2.0-pro,祝英台近,宗门夜望有感,凭栏伫,0.9059,0.3333,0.5726
qwen3.6-plus,沁园春,云崖长老自遣,寒锋淬火,qwen3.6-plus,祝英台近,云崖问剑,淬霜锋,0.8561,0.2857,0.5704
doubao-seed-2.0-pro,沁园春,宗门感怀,凭阑久,qwen3.6-plus,沁园春,宗门夜思,凭栏立,0.9021,0.3333,0.5688
doubao-seed-2.0-pro,沁园春,宗门感事,凭阑久,qwen3.6-plus,沁园春,宗门夜思,凭栏立,0.9021,0.3333,0.5688
doubao-seed-2.0-pro,沁园春,宗门夜坐感事,凭阑久,qwen3.6-plus,沁园春,宗门夜思,凭栏立,0.9021,0.3333,0.5688
doubao-seed-2.0-pro,沁园春,玄宗夜坐书怀,凭栏立,doubao-seed-2.0-pro,沁园春,宗门夜坐感事,凭阑久,0.9021,0.3333,0.5688
doubao-seed-2.0-pro,沁园春,玄宗夜坐书怀,凭栏立,doubao-seed-2.0-pro,沁园春,宗门感怀,凭阑久,0.9021,0.3333,0.5688
doubao-seed-2.0-pro,沁园春,宗门感事,凭阑久,doubao-seed-2.0-pro,沁园春,玄宗夜坐书怀,凭栏立,0.9021,0.3333,0.5688
doubao-seed-2.0-pro,沁园春,登凌霄阁有感,独倚阁阑,glm-5,祝英台近,宗规叹,倚危楼,0.8518,0.2857,0.5660
doubao-seed-2.0-pro,沁园春,登凌霄阁有感,独倚阁阑,glm-5,祝英台近,宗规,倚危楼,0.8518,0.2857,0.5660
qwen3.6-plus,祝英台近,剑阁书怀,严古训,qwen3.6-plus,祝英台近,宗门思变,祖训虽严,0.8513,0.2857,0.5656
deepseek-3.2-thinking,祝英台近,宗门感怀,夜阑独倚琼楼,qwen3.6-plus,清平乐,宗规叹,独倚危栏夜阑,0.8961,0.3333,0.5628
doubao-seed-2.0-pro,祝英台近,云阁夜坐有感,旧规百代承传,doubao-seed-2.0-pro,浪淘沙,宗门夜望感怀,旧矩传承数百载,0.8691,0.3077,0.5614
qwen3.6-plus,清平乐,门规叹,云涛怒卷天摇,qwen3.6-plus,菩萨蛮,剑阁秋思,天风卷阵云涛荡,0.8623,0.3077,0.5546
doubao-seed-2.0-pro,祝英台近,云阁夜坐有感,旧规百代承传,doubao-seed-2.0-pro,清平乐,宗门夜坐抒怀,旧矩传沿千世定,0.8541,0.3077,0.5464
doubao-seed-2.0-pro,沁园春,宗门述怀,仗峻法森严御寇兵,qwen3.6-plus,祝英台近,宗门感怀,御敌仗严护,0.8510,0.3077,0.5433
deepseek-3.2-thinking,祝英台近,宗门变革思,战力赖规矩,deepseek-3.2-thinking,祝英台近,宗门夜思,规矩虽保战力,0.9061,0.3636,0.5425
doubao-seed-2.0-pro,沁园春,宗门夜坐感怀,凭阑望,qwen3.6-plus,沁园春,宗门夜思,凭栏立,0.8757,0.3333,0.5423
doubao-seed-2.0-pro,沁园春,玄宗夜坐书怀,凭栏立,doubao-seed-2.0-pro,沁园春,宗门夜坐感怀,凭阑望,0.8757,0.3333,0.5423
doubao-seed-2.0-pro,沁园春,宗门感怀,凭阑久,glm-5,沁园春,宗门改制有感,凭栏意,0.8721,0.3333,0.5387
doubao-seed-2.0-pro,沁园春,宗门夜坐感事,凭阑久,glm-5,沁园春,宗门改制有感,凭栏意,0.8721,0.3333,0.5387
doubao-seed-2.0-pro,沁园春,宗门感事,凭阑久,glm-5,沁园春,宗门改制有感,凭栏意,0.8721,0.3333,0.5387
qwen3.6-plus,沁园春,云阙规衡,万缕千丝理未清,qwen3.6-plus,菩萨蛮,云渊宗规,欲理千丝结,0.8703,0.3333,0.5370
deepseek-3.2-thinking,祝英台近,宗规思变,规矩古,deepseek-3.2-thinking,祝英台近,宗门夜思,规训固,0.8684,0.3333,0.5351
deepseek-3.2-thinking,祝英台近,宗门夜思,规训固,deepseek-3.2-thinking,祝英台近,宗门夜思,规矩古,0.8684,0.3333,0.5351
deepseek-3.2-thinking,祝英台近,宗门夜思,规训固,deepseek-3.2-thinking,祝英台近,宗规思变,规矩古,0.8684,0.3333,0.5351
deepseek-3.2-thinking,祝英台近,宗门夜思,规训固,deepseek-3.2-thinking,祝英台近,宗门夜思,规矩古,0.8684,0.3333,0.5351
deepseek-3.2-thinking,祝英台近,宗门思变,规训固,deepseek-3.2-thinking,祝英台近,宗规思变,规矩古,0.8684,0.3333,0.5351
deepseek-3.2-thinking,祝英台近,宗门思变,规训固,deepseek-3.2-thinking,祝英台近,宗门夜思,规矩古,0.8684,0.3333,0.5351
deepseek-3.2-thinking,祝英台近,规变思,灵根锁,qwen3.6-plus,祝英台近,剑阁秋思,锁灵泉,0.8680,0.3333,0.5346
deepseek-3.2-thinking,沁园春,宗规感怀,长叹矣,qwen3.6-plus,沁园春,玄门问剑,长嗟久,0.8665,0.3333,0.5331
doubao-seed-2.0-pro,沁园春,宗门感怀,凭阑久,deepseek-3.2-thinking,沁园春,宗规思变,凭栏望,0.8655,0.3333,0.5322
doubao-seed-2.0-pro,沁园春,宗门感事,凭阑久,doubao-seed-2.0-pro,沁园春,凌霄阁夜坐抒怀,凭栏望,0.8655,0.3333,0.5322
doubao-seed-2.0-pro,沁园春,凌霄阁夜坐抒怀,凭栏望,doubao-seed-2.0-pro,沁园春,宗门感怀,凭阑久,0.8655,0.3333,0.5322
doubao-seed-2.0-pro,沁园春,宗门夜坐感事,凭阑久,doubao-seed-2.0-pro,沁园春,凌霄阁夜坐抒怀,凭栏望,0.8655,0.3333,0.5322
doubao-seed-2.0-pro,沁园春,宗门感事,凭阑久,deepseek-3.2-thinking,沁园春,宗规思变,凭栏望,0.8655,0.3333,0.5322
doubao-seed-2.0-pro,沁园春,宗门夜坐感事,凭阑久,deepseek-3.2-thinking,沁园春,宗规思变,凭栏望,0.8655,0.3333,0.5322
doubao-seed-2.0-pro,清平乐,宗门偶感,众口难排异议,doubao-seed-2.0-pro,清平乐,夜坐宗堂有感,群僚异议难排,0.8628,0.3333,0.5295
doubao-seed-2.0-pro,沁园春,宗阁抒怀,凭栏久,doubao-seed-2.0-pro,沁园春,宗门夜坐感怀,凭阑望,0.8626,0.3333,0.5293
doubao-seed-2.0-pro,沁园春,宗门夜坐抒怀,凭栏久,doubao-seed-2.0-pro,沁园春,宗门夜坐感怀,凭阑望,0.8626,0.3333,0.5293
doubao-seed-2.0-pro,沁园春,宗门述怀,凭栏久,doubao-seed-2.0-pro,沁园春,宗门夜坐感怀,凭阑望,0.8626,0.3333,0.5293
doubao-seed-2.0-pro,沁园春,宗门夜坐感怀,凭阑望,qwen3.6-plus,沁园春,云笈问剑,凭栏久,0.8626,0.3333,0.5293
doubao-seed-2.0-pro,沁园春,宗门夜坐感怀,凭阑望,qwen3.6-plus,沁园春,道枢沉吟,凭栏久,0.8626,0.3333,0.5293
doubao-seed-2.0-pro,沁园春,宗门夜坐感怀,凭阑望,qwen3.6-plus,沁园春,剑阁问心,凭栏久,0.8626,0.3333,0.5293
doubao-seed-2.0-pro,沁园春,宗门夜坐感怀,凭阑望,qwen3.6-plus,沁园春,宗规叹,凭栏久,0.8626,0.3333,0.5293
doubao-seed-2.0-pro,沁园春,宗门夜坐感怀,凭阑望,qwen3.6-plus,沁园春,宗门夜叹,凭栏久,0.8626,0.3333,0.5293
doubao-seed-2.0-pro,沁园春,宗门夜坐感怀,凭阑望,glm-5,沁园春,宗门感怀,凭栏久,0.8626,0.3333,0.5293
doubao-seed-2.0-pro,沁园春,宗门感怀,凭栏久,doubao-seed-2.0-pro,沁园春,宗门夜坐感怀,凭阑望,0.8626,0.3333,0.5293
doubao-seed-2.0-pro,沁园春,凌霄宗议事书怀,凭栏久,doubao-seed-2.0-pro,沁园春,宗门夜坐感怀,凭阑望,0.8626,0.3333,0.5293
doubao-seed-2.0-pro,沁园春,玄峰议事后感,凭栏久,doubao-seed-2.0-pro,沁园春,宗门夜坐感怀,凭阑望,0.8626,0.3333,0.5293
doubao-seed-2.0-pro,沁园春,玄峰夜坐抒怀,凭栏久,doubao-seed-2.0-pro,沁园春,宗门夜坐感怀,凭阑望,0.8626,0.3333,0.5293
doubao-seed-2.0-pro,沁园春,宗门感怀,凭栏久,doubao-seed-2.0-pro,沁园春,宗门夜坐感怀,凭阑望,0.8626,0.3333,0.5293
doubao-seed-2.0-pro,沁园春,宗门感怀,凭栏久,doubao-seed-2.0-pro,沁园春,宗门夜坐感怀,凭阑望,0.8626,0.3333,0.5293
doubao-seed-2.0-pro,沁园春,宗门感事,凭栏久,doubao-seed-2.0-pro,沁园春,宗门夜坐感怀,凭阑望,0.8626,0.3333,0.5293
doubao-seed-2.0-pro,沁园春,登云阁望剑坪有感,凭栏久,doubao-seed-2.0-pro,沁园春,宗门夜坐感怀,凭阑望,0.8626,0.3333,0.5293
doubao-seed-2.0-pro,沁园春,宗阁夜望有感,凭栏久,doubao-seed-2.0-pro,沁园春,宗门夜坐感怀,凭阑望,0.8626,0.3333,0.5293
doubao-seed-2.0-pro,沁园春,云门感怀,凭栏久,doubao-seed-2.0-pro,沁园春,宗门夜坐感怀,凭阑望,0.8626,0.3333,0.5293
doubao-seed-2.0-pro,沁园春,凌霄宗感事,凭栏久,doubao-seed-2.0-pro,沁园春,宗门夜坐感怀,凭阑望,0.8626,0.3333,0.5293
doubao-seed-2.0-pro,沁园春,云阁夜思,凭栏久,doubao-seed-2.0-pro,沁园春,宗门夜坐感怀,凭阑望,0.8626,0.3333,0.5293
doubao-seed-2.0-pro,沁园春,宗门感怀,凭栏久,doubao-seed-2.0-pro,沁园春,宗门夜坐感怀,凭阑望,0.8626,0.3333,0.5293
doubao-seed-2.0-pro,沁园春,宗阁夜怀,凭栏久,doubao-seed-2.0-pro,沁园春,宗门夜坐感怀,凭阑望,0.8626,0.3333,0.5293
doubao-seed-2.0-pro,沁园春,宗门夜坐感怀,凭阑望,glm-5,沁园春,宗门改制有感,凭栏意,0.8619,0.3333,0.5286
qwen3.6-plus,祝英台近,云枢长老观剑阁有感,倚危栏,qwen3.6-plus,沁园春,宗门夜思,凭栏立,0.8590,0.3333,0.5257
doubao-seed-2.0-pro,沁园春,玄宗夜坐书怀,凭栏立,qwen3.6-plus,祝英台近,云枢长老观剑阁有感,倚危栏,0.8590,0.3333,0.5257
deepseek-3.2-thinking,沁园春,规变感怀,长叹罢,qwen3.6-plus,沁园春,玄门问剑,长嗟久,0.8561,0.3333,0.5228
doubao-seed-2.0-pro,浪淘沙,宗门夜望有感,森严律令护周全,deepseek-3.2-thinking,沁园春,宗规有感,律令森严,0.8851,0.3636,0.5215
doubao-seed-2.0-pro,祝英台近,宗门夜坐感事,律令森严,doubao-seed-2.0-pro,浪淘沙,宗门夜望有感,森严律令护周全,0.8851,0.3636,0.5215
qwen3.6-plus,祝英台近,云崖戒尺吟,凝寒玉,qwen3.6-plus,祝英台近,云坞叹规,凝冷露,0.8541,0.3333,0.5208
doubao-seed-2.0-pro,祝英台近,观宗门弟子修习感怀,欲将陈律新裁,qwen3.6-plus,祝英台近,云阁秋思,欲裁新律,0.9203,0.4000,0.5203
qwen3.6-plus,浪淘沙,云崖戒律吟,孤灯照夜长,qwen3.6-plus,清平乐,玄阶夜思,长夜孤灯明,0.9195,0.4000,0.5195
deepseek-3.2-thinking,浪淘沙,宗门思变,战力犹存,deepseek-3.2-thinking,浪淘沙,宗门抒怀,旧制犹存战力全,0.8803,0.3636,0.5167
deepseek-3.2-thinking,祝英台近,宗规思变,人道利弊权衡,deepseek-3.2-thinking,沁园春,宗规感怀,权衡利弊,0.9122,0.4000,0.5122
deepseek-3.2-thinking,菩萨蛮,宗门感怀,长夜对寒灯,qwen3.6-plus,清平乐,夜望宗门,独对残灯长夜,0.8711,0.3636,0.5074
qwen3.6-plus,清平乐,剑阁夜思,独倚剑阑长叹,glm-5,菩萨蛮,宗门独倚,长叹倚阑干,0.8671,0.3636,0.5034
doubao-seed-2.0-pro,菩萨蛮,凌霄阁夜坐感宗门事,凭栏夜正深,deepseek-3.2-thinking,浪淘沙,宗门抒怀,深夜独凭栏,0.9028,0.4000,0.5028
deepseek-3.2-thinking,清平乐,规变感言,困缚灵根堕,qwen3.6-plus,沁园春,门规叹,叹灵根困缚,0.9028,0.4000,0.5028
qwen3.6-plus,菩萨蛮,云阶问律,寒光淬刃斩灵骸,qwen3.6-plus,沁园春,云崖长老自遣,寒锋淬火,0.8659,0.3636,0.5022
doubao-seed-2.0-pro,清平乐,宗门夜坐抒怀,长空望断鸿飞,deepseek-3.2-thinking,沁园春,规改感怀,望长空雁过,0.8629,0.3636,0.4993
doubao-seed-2.0-pro,清平乐,宗门夜思,护界须凭严律,glm-5,祝英台近,宗门旧制,严律更须护,0.8612,0.3636,0.4976
doubao-seed-2.0-pro,清平乐,观门下弟子演法作,列阵霜锋皎,qwen3.6-plus,清平乐,宗门书怀,霜锋列阵惊鸿,0.8608,0.3636,0.4972
deepseek-3.2-thinking,祝英台近,宗门变革思,战力赖规矩,deepseek-3.2-thinking,祝英台近,宗门沉吟,宗规系战力固,0.8584,0.3636,0.4947
deepseek-3.2-thinking,清平乐,宗门思变,宗门规矩固,deepseek-3.2-thinking,浪淘沙,宗规感怀,规矩卫宗风,0.8946,0.4000,0.4946
deepseek-3.2-thinking,菩萨蛮,宗门规锁感怀,规严宗派安,deepseek-3.2-thinking,沁园春,宗规感怀,宗派规严,0.9378,0.4444,0.4934
deepseek-3.2-thinking,菩萨蛮,宗门感怀,战时规矩力,deepseek-3.2-thinking,清平乐,宗门思变,规矩战时方护,0.8566,0.3636,0.4929
deepseek-3.2-thinking,沁园春,宗规感怀,晨钟暮鼓,deepseek-3.2-thinking,祝英台近,宗规思变,暮鼓晨钟,0.9929,0.5000,0.4929
deepseek-3.2-thinking,沁园春,改革之思,晨钟暮鼓,deepseek-3.2-thinking,祝英台近,规训吟,暮鼓晨钟,0.9929,0.5000,0.4929
deepseek-3.2-thinking,祝英台近,规训吟,暮鼓晨钟,deepseek-3.2-thinking,沁园春,宗派抒怀,晨钟暮鼓,0.9929,0.5000,0.4929
deepseek-3.2-thinking,祝英台近,规训吟,暮鼓晨钟,deepseek-3.2-thinking,祝英台近,规变思,晨钟暮鼓,0.9929,0.5000,0.4929
deepseek-3.2-thinking,沁园春,宗规感怀,晨钟暮鼓,deepseek-3.2-thinking,祝英台近,宗规思变,暮鼓晨钟,0.9929,0.5000,0.4929
deepseek-3.2-thinking,祝英台近,规变思,晨钟暮鼓,deepseek-3.2-thinking,祝英台近,宗规思变,暮鼓晨钟,0.9929,0.5000,0.4929
deepseek-3.2-thinking,沁园春,改革之思,晨钟暮鼓,deepseek-3.2-thinking,祝英台近,宗规思变,暮鼓晨钟,0.9929,0.5000,0.4929
deepseek-3.2-thinking,沁园春,宗规感怀,晨钟暮鼓,deepseek-3.2-thinking,祝英台近,宗规思变,暮鼓晨钟,0.9929,0.5000,0.4929
deepseek-3.2-thinking,沁园春,宗门沉吟,晨钟暮鼓,deepseek-3.2-thinking,祝英台近,规训吟,暮鼓晨钟,0.9929,0.5000,0.4929
deepseek-3.2-thinking,沁园春,宗门沉吟,晨钟暮鼓,deepseek-3.2-thinking,祝英台近,宗规思变,暮鼓晨钟,0.9929,0.5000,0.4929
deepseek-3.2-thinking,祝英台近,规训吟,暮鼓晨钟,deepseek-3.2-thinking,沁园春,宗规感怀,晨钟暮鼓,0.9929,0.5000,0.4929
deepseek-3.2-thinking,祝英台近,规训吟,暮鼓晨钟,deepseek-3.2-thinking,沁园春,宗规感怀,晨钟暮鼓,0.9929,0.5000,0.4929
deepseek-3.2-thinking,祝英台近,规训吟,暮鼓晨钟,deepseek-3.2-thinking,沁园春,宗规有感,晨钟暮鼓,0.9929,0.5000,0.4929
deepseek-3.2-thinking,祝英台近,规训吟,暮鼓晨钟,deepseek-3.2-thinking,沁园春,宗规感怀,晨钟暮鼓,0.9929,0.5000,0.4929
deepseek-3.2-thinking,祝英台近,规训吟,暮鼓晨钟,deepseek-3.2-thinking,沁园春,宗规感怀,晨钟暮鼓,0.9929,0.5000,0.4929
deepseek-3.2-thinking,沁园春,宗派抒怀,晨钟暮鼓,deepseek-3.2-thinking,祝英台近,宗规思变,暮鼓晨钟,0.9929,0.5000,0.4929
deepseek-3.2-thinking,沁园春,宗规有感,晨钟暮鼓,deepseek-3.2-thinking,祝英台近,宗规思变,暮鼓晨钟,0.9929,0.5000,0.4929
deepseek-3.2-thinking,沁园春,宗规感怀,晨钟暮鼓,deepseek-3.2-thinking,祝英台近,宗规思变,暮鼓晨钟,0.9929,0.5000,0.4929
deepseek-3.2-thinking,清平乐,感怀宗规,云锁峰峦千叠,qwen3.6-plus,沁园春,宗规叹,望重峦叠嶂,0.8558,0.3636,0.4921
doubao-seed-2.0-pro,清平乐,宗门感怀,云崖万仞,doubao-seed-2.0-pro,沁园春,云门感怀,万仞云崖,0.9899,0.5000,0.4899
doubao-seed-2.0-pro,菩萨蛮,宗门夜思,深宵独倚阑,deepseek-3.2-thinking,浪淘沙,宗门抒怀,深夜独凭栏,0.8899,0.4000,0.4899
doubao-seed-2.0-pro,沁园春,宗门感事,松梢鹤敛,doubao-seed-2.0-pro,祝英台近,宗阁夜望感怀,鹤敛松梢露,0.9343,0.4444,0.4898
deepseek-3.2-thinking,祝英台近,规变吟,战力赖严矩,deepseek-3.2-thinking,祝英台近,宗门夜思,规矩虽保战力,0.8534,0.3636,0.4897
doubao-seed-2.0-pro,沁园春,宗阁夜望有感,霜凝玉简,qwen3.6-plus,清平乐,剑阁春深,玉简凝霜雪,0.9340,0.4444,0.4895
qwen3.6-plus,菩萨蛮,宗规夜叹,森严戒律如霜昼,qwen3.6-plus,祝英台近,云崖独叹,戒律森严,0.8511,0.3636,0.4875
qwen3.6-plus,菩萨蛮,宗规夜叹,森严戒律如霜昼,glm-5,浪淘沙,规矩之叹,戒律森严,0.8511,0.3636,0.4875
qwen3.6-plus,菩萨蛮,宗规夜叹,森严戒律如霜昼,glm-5,浪淘沙,宗门旧规感怀,戒律森严,0.8511,0.3636,0.4875
doubao-seed-2.0-pro,沁园春,登云阁望剑坪有感,霜凝剑锷,qwen3.6-plus,清平乐,玄枢阁夜思,剑气霜寒凝玉宇,0.8503,0.3636,0.4867
qwen3.6-plus,沁园春,云崖长老自遣,古法千条,qwen3.6-plus,祝英台近,宗门规戒有感,千条古法如枷,0.8853,0.4000,0.4853
doubao-seed-2.0-pro,祝英台近,宗台夜思,严规砺锋镝,qwen3.6-plus,清平乐,问剑阁夜思,严训淬锋刃,0.8843,0.4000,0.4843
qwen3.6-plus,祝英台近,宗门规戒有感,霜剑冷寒雾,glm-5,浪淘沙,宗门旧制感怀,剑气冷霜寒,0.8840,0.4000,0.4840
doubao-seed-2.0-pro,祝英台近,宗台夜思,拘牵旧例,doubao-seed-2.0-pro,沁园春,宗门感事,旧例拘牵,0.9830,0.5000,0.4830
doubao-seed-2.0-pro,沁园春,宗门感事,黛锁层峦,deepseek-3.2-thinking,清平乐,感怀宗规,云锁峰峦千叠,0.8830,0.4000,0.4830
deepseek-3.2-thinking,沁园春,宗门感事,云锁仙山,deepseek-3.2-thinking,沁园春,宗规感怀,仙山云锁,0.9810,0.5000,0.4810
deepseek-3.2-thinking,清平乐,宗门感事,旧制虽存战力,deepseek-3.2-thinking,浪淘沙,宗门思变,战力犹存,0.8795,0.4000,0.4795
deepseek-3.2-thinking,清平乐,宗门思变,宗门规矩固,deepseek-3.2-thinking,清平乐,规变沉吟,规矩保宗风,0.8773,0.4000,0.4773
doubao-seed-2.0-pro,清平乐,宗门夜坐抒怀,独对残灯影,qwen3.6-plus,菩萨蛮,云崖问剑,孤影对寒灯,0.8766,0.4000,0.4766
doubao-seed-2.0-pro,清平乐,凌霄阁夜坐有感,森严明律能安,qwen3.6-plus,祝英台近,云崖独叹,戒律森严,0.8758,0.4000,0.4758
doubao-seed-2.0-pro,清平乐,凌霄阁夜坐有感,森严明律能安,glm-5,浪淘沙,宗门旧规感怀,戒律森严,0.8758,0.4000,0.4758
doubao-seed-2.0-pro,清平乐,凌霄阁夜坐有感,森严明律能安,glm-5,浪淘沙,规矩之叹,戒律森严,0.8758,0.4000,0.4758
qwen3.6-plus,清平乐,观剑阁弟子训有感,暗锁灵根困,qwen3.6-plus,沁园春,宗规叹,灵根暗锁,0.9201,0.4444,0.4757
qwen3.6-plus,清平乐,观剑阁弟子训有感,暗锁灵根困,qwen3.6-plus,沁园春,宗门述怀,灵根暗锁,0.9201,0.4444,0.4757
deepseek-3.2-thinking,祝英台近,宗规怨,云锁仙山暮,deepseek-3.2-thinking,沁园春,宗规感怀,仙山云锁,0.9201,0.4444,0.4756
qwen3.6-plus,清平乐,玄门夜思,独抱孤怀谁诉,glm-5,祝英台近,宗门变革感怀,孤怀独抱,0.8728,0.4000,0.4728
qwen3.6-plus,浪淘沙,宗门规诫有感,铁律铸锋铓,qwen3.6-plus,菩萨蛮,宗阁夜思,铁血淬锋刀,0.8707,0.4000,0.4707
doubao-seed-2.0-pro,浪淘沙,松寮夜坐抒怀,霜月浸松寮,doubao-seed-2.0-pro,浪淘沙,宗门夜坐感怀,松月浸阶寒,0.8703,0.4000,0.4703
qwen3.6-plus,菩萨蛮,宗门夜思,孤灯照夜空,qwen3.6-plus,清平乐,玄阶夜思,长夜孤灯明,0.8694,0.4000,0.4694
doubao-seed-2.0-pro,沁园春,凌霄峰感事,雾锁剑台,qwen3.6-plus,清平乐,剑阁夜思,剑阁云深雾锁,0.8691,0.4000,0.4691
doubao-seed-2.0-pro,清平乐,宗门书怀,层崖云绕,doubao-seed-2.0-pro,浪淘沙,夜望宗门演武台有作,云气绕层崖,0.9106,0.4444,0.4661
doubao-seed-2.0-pro,浪淘沙,宗门夜坐感怀,霜冷剑坛寒,deepseek-3.2-thinking,沁园春,宗门思变,剑冷霜寒,0.9084,0.4444,0.4640
glm-5,祝英台近,宗规,寒剑凛霜刃,glm-5,浪淘沙,宗规,剑气冷寒霜,0.8639,0.4000,0.4639
qwen3.6-plus,菩萨蛮,宗门夜叹,劫火炼精魂,qwen3.6-plus,浪淘沙,宗门规叹,劫火锻金丹,0.8633,0.4000,0.4633
deepseek-3.2-thinking,清平乐,宗门变革思,宗门规矩,deepseek-3.2-thinking,浪淘沙,宗规感怀,规矩卫宗风,0.9075,0.4444,0.4630
qwen3.6-plus,清平乐,宗规叹,独倚危栏夜阑,glm-5,沁园春,宗门旧制,独对阑干,0.8628,0.4000,0.4628
qwen3.6-plus,菩萨蛮,云崖问剑,孤影对寒灯,qwen3.6-plus,沁园春,观宗规有感,对孤灯冷月,0.8626,0.4000,0.4626
deepseek-3.2-thinking,菩萨蛮,宗规思变,宗规森似寒冰冽,deepseek-3.2-thinking,菩萨蛮,规变沉吟,宗规凛冽如冰固,0.8894,0.4286,0.4608
glm-5,浪淘沙,宗门旧制感怀,剑气冷霜寒,glm-5,祝英台近,宗规,寒剑凛霜刃,0.8599,0.4000,0.4599
deepseek-3.2-thinking,浪淘沙,宗规感怀,规矩卫宗风,deepseek-3.2-thinking,菩萨蛮,宗门规锁感怀,规严宗派安,0.8596,0.4000,0.4596
qwen3.6-plus,清平乐,剑阁夜思,独倚剑阑长叹,glm-5,浪淘沙,宗门旧制感怀,独叹阑干,0.8588,0.4000,0.4588
doubao-seed-2.0-pro,浪淘沙,宗门夜坐感怀,霜冷剑坛寒,glm-5,浪淘沙,宗门旧制感怀,剑气冷霜寒,0.8587,0.4000,0.4587
deepseek-3.2-thinking,菩萨蛮,规变吟,宗规似铁森如戟,deepseek-3.2-thinking,菩萨蛮,宗门改革感怀,宗门旧矩森如铁,0.8862,0.4286,0.4576
deepseek-3.2-thinking,沁园春,宗门感怀,看晨钟暮鼓,deepseek-3.2-thinking,祝英台近,规训吟,暮鼓晨钟,0.8994,0.4444,0.4550
deepseek-3.2-thinking,沁园春,规改感怀,看晨钟暮鼓,deepseek-3.2-thinking,祝英台近,宗规思变,暮鼓晨钟,0.8994,0.4444,0.4550
deepseek-3.2-thinking,祝英台近,规训吟,暮鼓晨钟,deepseek-3.2-thinking,沁园春,仙门思变,看晨钟暮鼓,0.8994,0.4444,0.4550
deepseek-3.2-thinking,沁园春,仙门思变,看晨钟暮鼓,deepseek-3.2-thinking,祝英台近,宗规思变,暮鼓晨钟,0.8994,0.4444,0.4550
deepseek-3.2-thinking,沁园春,宗规吟,看晨钟暮鼓,deepseek-3.2-thinking,祝英台近,规训吟,暮鼓晨钟,0.8994,0.4444,0.4550
deepseek-3.2-thinking,沁园春,宗规吟,看晨钟暮鼓,deepseek-3.2-thinking,祝英台近,宗规思变,暮鼓晨钟,0.8994,0.4444,0.4550
deepseek-3.2-thinking,沁园春,宗门感怀,看晨钟暮鼓,deepseek-3.2-thinking,祝英台近,宗规思变,暮鼓晨钟,0.8994,0.4444,0.4550
deepseek-3.2-thinking,沁园春,规变吟,看晨钟暮鼓,deepseek-3.2-thinking,祝英台近,规训吟,暮鼓晨钟,0.8994,0.4444,0.4550
deepseek-3.2-thinking,沁园春,规变吟,看晨钟暮鼓,deepseek-3.2-thinking,祝英台近,宗规思变,暮鼓晨钟,0.8994,0.4444,0.4550
deepseek-3.2-thinking,沁园春,宗门夜思,看晨钟暮鼓,deepseek-3.2-thinking,祝英台近,规训吟,暮鼓晨钟,0.8994,0.4444,0.4550
deepseek-3.2-thinking,沁园春,宗门夜思,看晨钟暮鼓,deepseek-3.2-thinking,祝英台近,宗规思变,暮鼓晨钟,0.8994,0.4444,0.4550
deepseek-3.2-thinking,沁园春,宗派感怀,看晨钟暮鼓,deepseek-3.2-thinking,祝英台近,规训吟,暮鼓晨钟,0.8994,0.4444,0.4550
deepseek-3.2-thinking,沁园春,宗派感怀,看晨钟暮鼓,deepseek-3.2-thinking,祝英台近,宗规思变,暮鼓晨钟,0.8994,0.4444,0.4550
deepseek-3.2-thinking,祝英台近,规训吟,暮鼓晨钟,deepseek-3.2-thinking,沁园春,规改感怀,看晨钟暮鼓,0.8994,0.4444,0.4550
deepseek-3.2-thinking,祝英台近,规训吟,暮鼓晨钟,deepseek-3.2-thinking,沁园春,宗门感怀,看晨钟暮鼓,0.8994,0.4444,0.4550
deepseek-3.2-thinking,沁园春,宗门感怀,看晨钟暮鼓,deepseek-3.2-thinking,祝英台近,宗规思变,暮鼓晨钟,0.8994,0.4444,0.4550
qwen3.6-plus,祝英台近,剑阁春寒,长夜独对孤灯,qwen3.6-plus,沁园春,道枢沉吟,独对寒檠,0.8535,0.4000,0.4535
deepseek-3.2-thinking,祝英台近,规训吟,改革路多沮,deepseek-3.2-thinking,沁园春,宗规思变,变革途多阻,0.8532,0.4000,0.4532
qwen3.6-plus,清平乐,夜望宗门,独对残灯长夜,qwen3.6-plus,沁园春,道枢沉吟,独对寒檠,0.8530,0.4000,0.4530
doubao-seed-2.0-pro,祝英台近,宗门夜坐感事,松影覆阶冷,doubao-seed-2.0-pro,浪淘沙,宗门夜坐感怀,松月浸阶寒,0.8528,0.4000,0.4528
doubao-seed-2.0-pro,浪淘沙,观门下演武有感,此意踟蹰,doubao-seed-2.0-pro,菩萨蛮,凌霄阁夜坐有感,此意几踌躇,0.8971,0.4444,0.4527
deepseek-3.2-thinking,菩萨蛮,宗门规锁感怀,规严宗派安,deepseek-3.2-thinking,清平乐,规变沉吟,规矩保宗风,0.8520,0.4000,0.4520
doubao-seed-2.0-pro,清平乐,云阁夜望抒怀,守矩方能御侮,doubao-seed-2.0-pro,沁园春,宗门议规有感,坚规御侮,0.8519,0.4000,0.4519
deepseek-3.2-thinking,菩萨蛮,仙门感怀,改革心难已,deepseek-3.2-thinking,菩萨蛮,宗规叹,心期改革弊,0.8518,0.4000,0.4518
doubao-seed-2.0-pro,菩萨蛮,宗门夜坐有怀,霜痕黯剑锋,qwen3.6-plus,祝英台近,云崖戒尺吟,剑阁霜锋冷,0.8518,0.4000,0.4518
deepseek-3.2-thinking,沁园春,规变吟,雾锁千峰,deepseek-3.2-thinking,清平乐,感怀宗规,云锁峰峦千叠,0.8516,0.4000,0.4516
deepseek-3.2-thinking,沁园春,规改感怀,旧制千年,deepseek-3.2-thinking,沁园春,宗门变革吟,看千年旧制,0.8946,0.4444,0.4502
qwen3.6-plus,沁园春,宗门述怀,对残灯古卷,qwen3.6-plus,祝英台近,剑阁秋思,孤灯照残卷,0.8502,0.4000,0.4502
deepseek-3.2-thinking,浪淘沙,宗门感怀,独自立高峰,qwen3.6-plus,祝英台近,剑阁秋思,孤峰独立,0.8938,0.4444,0.4494
deepseek-3.2-thinking,清平乐,宗门变革思,宗门规矩,deepseek-3.2-thinking,清平乐,规变沉吟,规矩保宗风,0.8889,0.4444,0.4444
deepseek-3.2-thinking,浪淘沙,宗规思,云锁仙山巅,deepseek-3.2-thinking,沁园春,宗规感怀,仙山云锁,0.8839,0.4444,0.4395
doubao-seed-2.0-pro,浪淘沙,宗门夜坐感怀,相传旧矩百余年,doubao-seed-2.0-pro,浪淘沙,宗门夜望感怀,旧矩传承数百载,0.8659,0.4286,0.4373
doubao-seed-2.0-pro,清平乐,宗门感怀,云崖万仞,doubao-seed-2.0-pro,沁园春,凌霄宗感事,万仞丹崖,0.9370,0.5000,0.4370
deepseek-3.2-thinking,菩萨蛮,长老感怀,挣扎在心中,deepseek-3.2-thinking,沁园春,规变感怀,中心挣扎,0.8813,0.4444,0.4368
deepseek-3.2-thinking,沁园春,规变感怀,中心挣扎,deepseek-3.2-thinking,菩萨蛮,宗门夜思,挣扎在心中,0.8813,0.4444,0.4368
deepseek-3.2-thinking,祝英台近,宗规怨,云锁仙山暮,deepseek-3.2-thinking,沁园春,改革之思,仙山雾锁,0.8810,0.4444,0.4365
deepseek-3.2-thinking,浪淘沙,宗规感怀,规矩卫宗风,deepseek-3.2-thinking,清平乐,宗门感事,宗规旧矩,0.8805,0.4444,0.4360
deepseek-3.2-thinking,浪淘沙,宗规感怀,规矩卫宗风,deepseek-3.2-thinking,清平乐,宗门感事,宗规旧矩,0.8805,0.4444,0.4360
qwen3.6-plus,祝英台近,云崖戒尺吟,剑阁霜锋冷,glm-5,祝英台近,宗门旧制,霜锋剑影,0.8797,0.4444,0.4353
doubao-seed-2.0-pro,清平乐,观门下弟子演法作,列阵霜锋皎,qwen3.6-plus,清平乐,观剑阁弟子训有感,寒锋列阵,0.8797,0.4444,0.4353
deepseek-3.2-thinking,浪淘沙,宗门夜思,宗门旧制革新难,deepseek-3.2-thinking,浪淘沙,宗规感怀,革新旧制两难全,0.8637,0.4286,0.4351
deepseek-3.2-thinking,沁园春,规革沉吟,月照寒潭,qwen3.6-plus,祝英台近,云崖夜思,寒潭照孤影,0.8795,0.4444,0.4351
deepseek-3.2-thinking,菩萨蛮,规变吟,宗规似铁森如戟,deepseek-3.2-thinking,菩萨蛮,宗门感怀,宗门旧律森如铁,0.8630,0.4286,0.4344
deepseek-3.2-thinking,菩萨蛮,宗规思变,铁矩成坚壁,qwen3.6-plus,浪淘沙,道枢叹,铁壁弥坚,0.8788,0.4444,0.4344
doubao-seed-2.0-pro,清平乐,夜坐凌霄阁有感,风清露冷,deepseek-3.2-thinking,祝英台近,宗门感怀,月冷风清,0.9335,0.5000,0.4335
deepseek-3.2-thinking,沁园春,变革之思,战力犹坚,deepseek-3.2-thinking,菩萨蛮,宗规思变,战力方能护,0.8767,0.4444,0.4323
deepseek-3.2-thinking,沁园春,宗门感事,云锁仙山,deepseek-3.2-thinking,沁园春,改革之思,仙山雾锁,0.9314,0.5000,0.4314
qwen3.6-plus,沁园春,观宗规有感,却怕临危折锐兵,qwen3.6-plus,沁园春,门规叹,却恐临危御敌艰,0.8595,0.4286,0.4309
deepseek-3.2-thinking,沁园春,宗派感怀,灵岳嵯峨,deepseek-3.2-thinking,沁园春,仙门思变,仙岳巍峨,0.9307,0.5000,0.4307
deepseek-3.2-thinking,沁园春,宗门感怀,雾锁仙峰,deepseek-3.2-thinking,沁园春,改革之思,仙山雾锁,0.9293,0.5000,0.4293
qwen3.6-plus,祝英台近,剑阁秋思,星汉转,qwen3.6-plus,清平乐,剑阁春深,星斗暗移河汉,0.8718,0.4444,0.4273
deepseek-3.2-thinking,沁园春,改革之思,仙山雾锁,deepseek-3.2-thinking,祝英台近,宗门感怀,烟锁仙山路,0.8713,0.4444,0.4269
deepseek-3.2-thinking,浪淘沙,宗规感怀,何处知音,glm-5,菩萨蛮,宗门改革自嘲,知音何处寻,0.8707,0.4444,0.4263
deepseek-3.2-thinking,沁园春,宗门感怀,雾锁仙峰,deepseek-3.2-thinking,沁园春,规革沉吟,灵峰雾锁,0.9263,0.5000,0.4263
doubao-seed-2.0-pro,清平乐,云台有感,束却雏鹰翎羽小,doubao-seed-2.0-pro,清平乐,宗门夜坐有感,束得雏鹰双翼住,0.8535,0.4286,0.4249
doubao-seed-2.0-pro,沁园春,凌霄宗议事书怀,锋磨霜剑,qwen3.6-plus,菩萨蛮,宗门夜叹,剑锋磨砺难,0.8692,0.4444,0.4248
deepseek-3.2-thinking,祝英台近,规锁吟,奈独坐、夜阑无寐,deepseek-3.2-thinking,清平乐,宗门感怀,夜半独思无寐,0.8521,0.4286,0.4235
deepseek-3.2-thinking,菩萨蛮,宗门规锁感怀,规严宗派安,deepseek-3.2-thinking,浪淘沙,宗门夜思,宗法规严,0.8679,0.4444,0.4234
doubao-seed-2.0-pro,浪淘沙,夜望宗门有感,临危端赖矩规严,qwen3.6-plus,菩萨蛮,夜观剑阁有感,临危始信严规守,0.8511,0.4286,0.4225
doubao-seed-2.0-pro,浪淘沙,宗门夜望感怀,独倚阑干,qwen3.6-plus,浪淘沙,宗门夜叹,独倚危栏,0.9225,0.5000,0.4225
qwen3.6-plus,浪淘沙,清规叹,独倚危栏,qwen3.6-plus,沁园春,宗门夜思,独倚阑干,0.9225,0.5000,0.4225
qwen3.6-plus,沁园春,宗门夜思,独倚阑干,glm-5,沁园春,宗门旧制,独倚危栏,0.9225,0.5000,0.4225
qwen3.6-plus,浪淘沙,宗门夜叹,独倚危栏,glm-5,浪淘沙,规矩之叹,独倚阑干,0.9225,0.5000,0.4225
glm-5,浪淘沙,规矩之叹,独倚阑干,glm-5,浪淘沙,宗门感怀,独倚危栏,0.9225,0.5000,0.4225
doubao-seed-2.0-pro,浪淘沙,宗门夜望感怀,独倚阑干,qwen3.6-plus,浪淘沙,清规叹,独倚危栏,0.9225,0.5000,0.4225
doubao-seed-2.0-pro,浪淘沙,宗门夜望感怀,独倚阑干,glm-5,浪淘沙,宗门感怀,独倚危栏,0.9225,0.5000,0.4225
qwen3.6-plus,沁园春,宗门夜思,独倚阑干,glm-5,浪淘沙,宗门感怀,独倚危栏,0.9225,0.5000,0.4225
qwen3.6-plus,浪淘沙,宗门夜叹,独倚危栏,qwen3.6-plus,沁园春,宗门夜思,独倚阑干,0.9225,0.5000,0.4225
qwen3.6-plus,浪淘沙,清规叹,独倚危栏,glm-5,浪淘沙,规矩之叹,独倚阑干,0.9225,0.5000,0.4225
doubao-seed-2.0-pro,浪淘沙,宗门夜望感怀,独倚阑干,glm-5,沁园春,宗门旧制,独倚危栏,0.9225,0.5000,0.4225
doubao-seed-2.0-pro,浪淘沙,宗门夜望感怀,独倚阑干,glm-5,浪淘沙,宗门旧规感怀,独倚危栏,0.9225,0.5000,0.4225
glm-5,沁园春,宗门旧制,独倚危栏,glm-5,浪淘沙,规矩之叹,独倚阑干,0.9225,0.5000,0.4225
glm-5,浪淘沙,宗门旧规感怀,独倚危栏,glm-5,浪淘沙,规矩之叹,独倚阑干,0.9225,0.5000,0.4225
qwen3.6-plus,沁园春,宗门夜思,独倚阑干,glm-5,浪淘沙,宗门旧规感怀,独倚危栏,0.9225,0.5000,0.4225
deepseek-3.2-thinking,菩萨蛮,规变吟,何处觅新途,deepseek-3.2-thinking,祝英台近,宗门夜思,新途何处,0.8668,0.4444,0.4224
deepseek-3.2-thinking,菩萨蛮,宗门感怀,何处觅新途,deepseek-3.2-thinking,祝英台近,宗门夜思,新途何处,0.8668,0.4444,0.4224
doubao-seed-2.0-pro,菩萨蛮,宗门夜坐有怀,霜痕黯剑锋,glm-5,祝英台近,宗门旧制,霜锋剑影,0.8667,0.4444,0.4223
deepseek-3.2-thinking,清平乐,宗门变革思,宗门规矩,deepseek-3.2-thinking,祝英台近,宗规思,规矩镇宗苑,0.8649,0.4444,0.4204
deepseek-3.2-thinking,沁园春,宗门感怀,叹千年旧制,deepseek-3.2-thinking,沁园春,规改感怀,旧制千年,0.8648,0.4444,0.4203
doubao-seed-2.0-pro,沁园春,登云阁望剑坪有感,木讷神情,glm-5,沁园春,宗门旧制,见神情木讷,0.8647,0.4444,0.4202
deepseek-3.2-thinking,祝英台近,宗门感怀,心内挣扎,deepseek-3.2-thinking,菩萨蛮,宗门夜思,挣扎在心中,0.8641,0.4444,0.4196
deepseek-3.2-thinking,菩萨蛮,长老感怀,挣扎在心中,deepseek-3.2-thinking,祝英台近,宗门感怀,心内挣扎,0.8641,0.4444,0.4196
doubao-seed-2.0-pro,菩萨蛮,宗门夜坐感怀,徘徊意两难,deepseek-3.2-thinking,沁园春,规变感怀,两意徘徊,0.8632,0.4444,0.4188
doubao-seed-2.0-pro,菩萨蛮,云崖夜坐有感,徘徊意两难,deepseek-3.2-thinking,沁园春,规变感怀,两意徘徊,0.8632,0.4444,0.4188
qwen3.6-plus,沁园春,云阙规衡,剑指青霄,qwen3.6-plus,菩萨蛮,夜观剑阁有感,剑指九天穹,0.8632,0.4444,0.4188
deepseek-3.2-thinking,祝英台近,宗门感怀,烟锁仙山路,deepseek-3.2-thinking,沁园春,宗规感怀,仙山云锁,0.8612,0.4444,0.4167
deepseek-3.2-thinking,祝英台近,宗门规革思,改革途阻,deepseek-3.2-thinking,祝英台近,宗规思变,改革路艰险,0.8607,0.4444,0.4162
deepseek-3.2-thinking,浪淘沙,宗门感怀,宗规稳固保战功,deepseek-3.2-thinking,祝英台近,宗门沉吟,宗规系战力固,0.8776,0.4615,0.4160
doubao-seed-2.0-pro,沁园春,宗门夜坐抒怀,甚英才锐气,deepseek-3.2-thinking,沁园春,宗规感怀,英风豪气,0.8596,0.4444,0.4151
doubao-seed-2.0-pro,沁园春,凌霄宗感事,雾锁古坛,doubao-seed-2.0-pro,祝英台近,观宗门弟子修习感怀,云锁旧坛殿,0.8591,0.4444,0.4146
deepseek-3.2-thinking,菩萨蛮,宗门规锁感怀,规严宗派安,deepseek-3.2-thinking,浪淘沙,宗门感怀,规守宗传,0.8582,0.4444,0.4138
doubao-seed-2.0-pro,浪淘沙,宗门夜坐感怀,同护仙山,doubao-seed-2.0-pro,沁园春,望宗门演武有怀,共护仙乡,0.9135,0.5000,0.4135
deepseek-3.2-thinking,沁园春,宗规感怀,仙山云锁,deepseek-3.2-thinking,沁园春,宗规感怀,云锁仙峰,0.9133,0.5000,0.4133
deepseek-3.2-thinking,沁园春,仙规思变,云锁仙峰,deepseek-3.2-thinking,沁园春,宗规感怀,仙山云锁,0.9133,0.5000,0.4133
deepseek-3.2-thinking,清平乐,规变沉吟,规矩保宗风,deepseek-3.2-thinking,清平乐,宗门感事,宗规旧矩,0.8569,0.4444,0.4125
doubao-seed-2.0-pro,沁园春,登凌霄阁有感,独倚阁阑,glm-5,浪淘沙,宗门旧规感怀,独倚危栏,0.9124,0.5000,0.4124
doubao-seed-2.0-pro,沁园春,登凌霄阁有感,独倚阁阑,glm-5,沁园春,宗门旧制,独倚危栏,0.9124,0.5000,0.4124
doubao-seed-2.0-pro,沁园春,登凌霄阁有感,独倚阁阑,glm-5,浪淘沙,宗门感怀,独倚危栏,0.9124,0.5000,0.4124
doubao-seed-2.0-pro,沁园春,登凌霄阁有感,独倚阁阑,qwen3.6-plus,浪淘沙,清规叹,独倚危栏,0.9124,0.5000,0.4124
doubao-seed-2.0-pro,沁园春,登凌霄阁有感,独倚阁阑,qwen3.6-plus,浪淘沙,宗门夜叹,独倚危栏,0.9124,0.5000,0.4124
doubao-seed-2.0-pro,祝英台近,云阁夜坐有感,灵光困锁,qwen3.6-plus,清平乐,观剑阁弟子训有感,暗锁灵根困,0.8568,0.4444,0.4124
glm-5,沁园春,宗门感怀,独上危楼,glm-5,浪淘沙,宗门夜感,独倚最高楼,0.8566,0.4444,0.4122
doubao-seed-2.0-pro,浪淘沙,宗门夜坐感怀,霜冷剑坛寒,qwen3.6-plus,沁园春,门规叹,剑阁霜寒,0.8563,0.4444,0.4119
doubao-seed-2.0-pro,浪淘沙,宗门夜坐感怀,霜冷剑坛寒,qwen3.6-plus,沁园春,云笈问剑,剑阁霜寒,0.8563,0.4444,0.4119
qwen3.6-plus,清平乐,剑阁春深,星斗暗移河汉,qwen3.6-plus,浪淘沙,剑阁观规有感,星斗转,0.8556,0.4444,0.4111
qwen3.6-plus,菩萨蛮,剑阁春思,星斗转,qwen3.6-plus,清平乐,剑阁春深,星斗暗移河汉,0.8556,0.4444,0.4111
doubao-seed-2.0-pro,祝英台近,宗门夜坐感怀,星斗转,qwen3.6-plus,清平乐,剑阁春深,星斗暗移河汉,0.8556,0.4444,0.4111
qwen3.6-plus,菩萨蛮,云崖问剑,孤影对寒灯,qwen3.6-plus,沁园春,道枢沉吟,独对寒檠,0.8547,0.4444,0.4102
doubao-seed-2.0-pro,菩萨蛮,宵立宗门有感,思把陈规改,glm-5,沁园春,宗门感怀,欲改陈规,0.8540,0.4444,0.4096
doubao-seed-2.0-pro,沁园春,宗门感事,奈云封雾锁,deepseek-3.2-thinking,清平乐,改革之惑,云山锁雾,0.8532,0.4444,0.4088
deepseek-3.2-thinking,清平乐,宗门变革思,宗门规矩,deepseek-3.2-thinking,祝英台近,规变吟,规矩保宗固,0.8532,0.4444,0.4088
deepseek-3.2-thinking,祝英台近,规训吟,修仙悟道,deepseek-3.2-thinking,沁园春,宗规感怀,问修仙真谛,0.8528,0.4444,0.4084
doubao-seed-2.0-pro,浪淘沙,宗门夜坐感怀,霜冷剑坛寒,qwen3.6-plus,祝英台近,剑阁夜思,霜寒剑冢,0.8528,0.4444,0.4084
deepseek-3.2-thinking,沁园春,宗门沉吟,旧规须破,qwen3.6-plus,菩萨蛮,云崖规诫,欲破旧规痕,0.8521,0.4444,0.4077
doubao-seed-2.0-pro,清平乐,宗门夜坐抒怀,独对残灯影,qwen3.6-plus,沁园春,道枢沉吟,独对寒檠,0.8516,0.4444,0.4072
deepseek-3.2-thinking,祝英台近,宗规怨,云锁仙山暮,qwen3.6-plus,清平乐,宗门新思,仙山云暗,0.8514,0.4444,0.4070
doubao-seed-2.0-pro,沁园春,宗阁抒怀,独倚旧栏,doubao-seed-2.0-pro,祝英台近,仙阁抒怀,独倚危阑,0.9066,0.5000,0.4066
doubao-seed-2.0-pro,沁园春,宗阁抒怀,独倚旧栏,qwen3.6-plus,浪淘沙,宗门夜思,独倚危阑,0.9066,0.5000,0.4066
deepseek-3.2-thinking,菩萨蛮,宗门思变,危机保战魂,deepseek-3.2-thinking,沁园春,宗门变革吟,然战危机,0.8511,0.4444,0.4066
deepseek-3.2-thinking,祝英台近,宗门变革思,战力赖规矩,deepseek-3.2-thinking,沁园春,宗门思变,规矩保战,0.8509,0.4444,0.4065
qwen3.6-plus,祝英台近,云笈问剑,凝霜刃,qwen3.6-plus,祝英台近,剑阁秋思,霜刃凝秋玉,0.9065,0.5000,0.4065
deepseek-3.2-thinking,浪淘沙,宗规感怀,规矩卫宗风,deepseek-3.2-thinking,浪淘沙,宗门感怀,规守宗传,0.8502,0.4444,0.4058
qwen3.6-plus,祝英台近,宗门戒律有感,锁灵根,qwen3.6-plus,清平乐,云崖观阵有感,灵根暗锁天光,0.8500,0.4444,0.4056
qwen3.6-plus,祝英台近,云阶夜思,锁灵根,qwen3.6-plus,清平乐,云崖观阵有感,灵根暗锁天光,0.8500,0.4444,0.4056
qwen3.6-plus,浪淘沙,观规有感,霜刃凝寒,qwen3.6-plus,浪淘沙,山门夜思,霜锷生寒,0.9035,0.5000,0.4035
doubao-seed-2.0-pro,祝英台近,夜坐凌霄阁感怀,一片初心,deepseek-3.2-thinking,沁园春,宗派抒怀,丹心一片,0.9020,0.5000,0.4020
doubao-seed-2.0-pro,浪淘沙,宗门夜望感怀,独倚阑干,doubao-seed-2.0-pro,沁园春,宗阁抒怀,独倚旧栏,0.9017,0.5000,0.4017
doubao-seed-2.0-pro,沁园春,宗阁抒怀,独倚旧栏,qwen3.6-plus,沁园春,宗门夜思,独倚阑干,0.9017,0.5000,0.4017
doubao-seed-2.0-pro,沁园春,宗阁抒怀,独倚旧栏,glm-5,浪淘沙,规矩之叹,独倚阑干,0.9017,0.5000,0.4017
deepseek-3.2-thinking,祝英台近,宗规思变,战力保全,deepseek-3.2-thinking,沁园春,宗规感怀,保战力同,0.8983,0.5000,0.3983
deepseek-3.2-thinking,沁园春,规变感怀,中心挣扎,deepseek-3.2-thinking,沁园春,宗门夜思,挣扎心中,0.8978,0.5000,0.3978
deepseek-3.2-thinking,沁园春,规变感怀,中心挣扎,deepseek-3.2-thinking,沁园春,宗规感怀,挣扎心中,0.8978,0.5000,0.3978
doubao-seed-2.0-pro,沁园春,凌霄宗感事,严同铁律,deepseek-3.2-thinking,沁园春,宗规感怀,铁律严容,0.8949,0.5000,0.3949
doubao-seed-2.0-pro,沁园春,登凌霄阁有感,独倚阁阑,doubao-seed-2.0-pro,沁园春,宗阁抒怀,独倚旧栏,0.8931,0.5000,0.3931
doubao-seed-2.0-pro,沁园春,登凌霄阁有感,独倚阁阑,glm-5,祝英台近,宗门感怀,独倚危楼,0.8931,0.5000,0.3931
deepseek-3.2-thinking,沁园春,规革沉吟,灵峰雾锁,deepseek-3.2-thinking,沁园春,改革之思,仙山雾锁,0.8930,0.5000,0.3930
doubao-seed-2.0-pro,沁园春,玄门感怀,束性循规,doubao-seed-2.0-pro,沁园春,登观星台述怀,陈规束性,0.8928,0.5000,0.3928
doubao-seed-2.0-pro,沁园春,宗门抒怀,夜淬寒锋,qwen3.6-plus,沁园春,云崖长老自遣,寒锋淬火,0.8927,0.5000,0.3927
doubao-seed-2.0-pro,沁园春,演武台述怀,劫火焚空,qwen3.6-plus,沁园春,宗规叹,劫火燃天,0.8923,0.5000,0.3923
doubao-seed-2.0-pro,浪淘沙,宗门夜坐感怀,群议难安,qwen3.6-plus,沁园春,云崖长老自遣,众议难休,0.8921,0.5000,0.3921
qwen3.6-plus,浪淘沙,玄枢感怀,独抱幽愁,glm-5,祝英台近,宗门变革感怀,孤怀独抱,0.8917,0.5000,0.3917
deepseek-3.2-thinking,沁园春,宗门夜思,挣扎心中,deepseek-3.2-thinking,祝英台近,宗门感怀,心内挣扎,0.8916,0.5000,0.3916
deepseek-3.2-thinking,祝英台近,宗门感怀,心内挣扎,deepseek-3.2-thinking,沁园春,宗规感怀,挣扎心中,0.8916,0.5000,0.3916
qwen3.6-plus,浪淘沙,云崖戒律吟,孤灯照夜长,qwen3.6-plus,菩萨蛮,剑阁秋思,长夜孤灯照胆寒,0.8912,0.5000,0.3912
doubao-seed-2.0-pro,沁园春,宗门感怀,寒锋砺刃,qwen3.6-plus,沁园春,云崖长老自遣,寒锋淬火,0.8897,0.5000,0.3897
doubao-seed-2.0-pro,沁园春,玄峰夜坐抒怀,叠嶂笼云,doubao-seed-2.0-pro,沁园春,宗门抒怀,黛嶂围云,0.8896,0.5000,0.3896
doubao-seed-2.0-pro,祝英台近,宗门夜望有感,铁律承传,deepseek-3.2-thinking,沁园春,宗门感事,宗传铁律,0.8891,0.5000,0.3891
deepseek-3.2-thinking,菩萨蛮,宗门规锁感怀,规严宗派安,deepseek-3.2-thinking,祝英台近,宗规感怀,宗规严,0.8879,0.5000,0.3879
deepseek-3.2-thinking,菩萨蛮,宗门规锁感怀,规严宗派安,deepseek-3.2-thinking,祝英台近,宗门感怀,宗规严,0.8879,0.5000,0.3879
deepseek-3.2-thinking,沁园春,宗门感怀,雾锁仙峰,deepseek-3.2-thinking,沁园春,宗门感事,云锁仙山,0.8877,0.5000,0.3877
doubao-seed-2.0-pro,沁园春,宗门述怀,霜锋淬影,doubao-seed-2.0-pro,沁园春,宗门夜坐感怀,霜锋敛锷,0.8877,0.5000,0.3877
qwen3.6-plus,沁园春,宗门述怀,灵根暗锁,qwen3.6-plus,沁园春,剑阁问心,锁尽灵根,0.8876,0.5000,0.3876
qwen3.6-plus,沁园春,剑阁问心,锁尽灵根,qwen3.6-plus,沁园春,宗规叹,灵根暗锁,0.8876,0.5000,0.3876
qwen3.6-plus,清平乐,宗门夜思,森严铁矩,qwen3.6-plus,沁园春,云崖长老自遣,铁律森严,0.8872,0.5000,0.3872
qwen3.6-plus,清平乐,宗门夜思,森严铁矩,qwen3.6-plus,沁园春,云崖夜思,铁律森严,0.8872,0.5000,0.3872
deepseek-3.2-thinking,沁园春,宗门感怀,铁律森严,qwen3.6-plus,清平乐,宗门夜思,森严铁矩,0.8872,0.5000,0.3872
qwen3.6-plus,清平乐,宗门夜思,森严铁矩,glm-5,祝英台近,宗门旧制感怀,铁律森严,0.8872,0.5000,0.3872
qwen3.6-plus,清平乐,宗门夜思,森严铁矩,glm-5,祝英台近,宗规叹,铁律森严,0.8872,0.5000,0.3872
qwen3.6-plus,清平乐,宗门夜思,森严铁矩,qwen3.6-plus,沁园春,阁夜沉吟,铁律森严,0.8872,0.5000,0.3872
qwen3.6-plus,清平乐,宗门夜思,森严铁矩,qwen3.6-plus,沁园春,观宗门旧制有感,铁律森严,0.8872,0.5000,0.3872
deepseek-3.2-thinking,沁园春,宗规感怀,战力犹隆,deepseek-3.2-thinking,沁园春,宗规感怀,战力方存,0.8860,0.5000,0.3860
doubao-seed-2.0-pro,浪淘沙,云阁夜思,众论难安,doubao-seed-2.0-pro,浪淘沙,宗门夜坐感怀,群议难安,0.8859,0.5000,0.3859
doubao-seed-2.0-pro,浪淘沙,夜望宗门有感,众论难安,doubao-seed-2.0-pro,浪淘沙,宗门夜坐感怀,群议难安,0.8859,0.5000,0.3859
doubao-seed-2.0-pro,浪淘沙,宗门夜坐感怀,众论难安,doubao-seed-2.0-pro,浪淘沙,宗门夜坐感怀,群议难安,0.8859,0.5000,0.3859
doubao-seed-2.0-pro,浪淘沙,凌霄阁夜坐有感,众论难安,doubao-seed-2.0-pro,浪淘沙,宗门夜坐感怀,群议难安,0.8859,0.5000,0.3859
doubao-seed-2.0-pro,沁园春,宗门夜坐书怀,云锁玄峰,deepseek-3.2-thinking,沁园春,宗门感怀,雾锁仙峰,0.8859,0.5000,0.3859
doubao-seed-2.0-pro,沁园春,宗门夜思,云锁玄峰,deepseek-3.2-thinking,沁园春,宗门感怀,雾锁仙峰,0.8859,0.5000,0.3859
doubao-seed-2.0-pro,浪淘沙,云阁夜思,空负韶年,glm-5,沁园春,宗门旧制感怀,莫负流年,0.8840,0.5000,0.3840
deepseek-3.2-thinking,沁园春,变革之思,战力犹坚,deepseek-3.2-thinking,沁园春,宗规感怀,战力方存,0.8839,0.5000,0.3839
qwen3.6-plus,清平乐,宗门夜思,寒宵独对残檠,qwen3.6-plus,清平乐,夜望宗门,独对残灯长夜,0.8829,0.5000,0.3829
doubao-seed-2.0-pro,沁园春,宗阁夜怀,雾锁琼坛,deepseek-3.2-thinking,沁园春,感规,雾锁仙宫,0.8820,0.5000,0.3820
deepseek-3.2-thinking,浪淘沙,宗门感怀,却惧危艰,glm-5,沁园春,宗门感怀,却忧危厄,0.8816,0.5000,0.3816
deepseek-3.2-thinking,沁园春,改革之思,仙山雾锁,deepseek-3.2-thinking,沁园春,感规,雾锁仙宫,0.8813,0.5000,0.3813
doubao-seed-2.0-pro,祝英台近,宗门感怀,欲把旧例新裁,doubao-seed-2.0-pro,沁园春,凌霄宗感事,欲将旧例轻删,0.8811,0.5000,0.3811
deepseek-3.2-thinking,沁园春,变革之思,修炼艰难,deepseek-3.2-thinking,沁园春,宗门思变,修炼苦修,0.8810,0.5000,0.3810
qwen3.6-plus,浪淘沙,宗门规诫有感,剑气凝霜,qwen3.6-plus,浪淘沙,宗门夜思,剑气生寒,0.8810,0.5000,0.3810
qwen3.6-plus,沁园春,门规叹,难凌绝顶,glm-5,沁园春,宗门改制有感,绝顶凌虚,0.8806,0.5000,0.3806
doubao-seed-2.0-pro,清平乐,宗门感怀,拟将旧制新裁,qwen3.6-plus,祝英台近,云崖问剑,欲裁旧律新裁,0.8797,0.5000,0.3797
doubao-seed-2.0-pro,清平乐,宗门感怀,拟将旧制新裁,qwen3.6-plus,祝英台近,云崖问剑,欲裁旧律新裁,0.8797,0.5000,0.3797
qwen3.6-plus,沁园春,剑阁春思,玉阶生藓,qwen3.6-plus,祝英台近,剑阁秋思,玉阶苔滑,0.8797,0.5000,0.3797
deepseek-3.2-thinking,清平乐,宗门变革思,宗门规矩,deepseek-3.2-thinking,沁园春,宗规感怀,宗派规严,0.8793,0.5000,0.3793
doubao-seed-2.0-pro,祝英台近,云阶夜坐有感,劫火曾烧,qwen3.6-plus,沁园春,宗规叹,劫火燃天,0.8793,0.5000,0.3793
deepseek-3.2-thinking,沁园春,宗门夜思,宗门巍巍,deepseek-3.2-thinking,沁园春,宗规感怀,灵山巍巍,0.8790,0.5000,0.3790
deepseek-3.2-thinking,祝英台近,宗门规革思,规矩虽严,deepseek-3.2-thinking,沁园春,宗门沉吟,规矩仍崇,0.8775,0.5000,0.3775
deepseek-3.2-thinking,沁园春,宗门沉吟,规矩仍崇,deepseek-3.2-thinking,沁园春,宗派感怀,规矩虽严,0.8775,0.5000,0.3775
deepseek-3.2-thinking,沁园春,宗门沉吟,规矩仍崇,deepseek-3.2-thinking,沁园春,感规,规矩虽严,0.8775,0.5000,0.3775
deepseek-3.2-thinking,清平乐,宗门夜思,宗规旧制,deepseek-3.2-thinking,清平乐,宗门感事,宗门旧矩,0.8775,0.5000,0.3775
deepseek-3.2-thinking,沁园春,规变吟,雾锁千峰,deepseek-3.2-thinking,沁园春,规革沉吟,灵峰雾锁,0.8772,0.5000,0.3772
doubao-seed-2.0-pro,沁园春,宗门感怀,夜诵经章,doubao-seed-2.0-pro,沁园春,凌霄阁夜坐有感,夜诵玄篇,0.8772,0.5000,0.3772
doubao-seed-2.0-pro,沁园春,玄门感怀,夜诵经章,doubao-seed-2.0-pro,沁园春,凌霄阁夜坐有感,夜诵玄篇,0.8772,0.5000,0.3772
doubao-seed-2.0-pro,祝英台近,仙阁抒怀,独倚危阑,glm-5,沁园春,宗门旧制,独对阑干,0.8770,0.5000,0.3770
qwen3.6-plus,浪淘沙,宗门夜思,独倚危阑,glm-5,沁园春,宗门旧制,独对阑干,0.8770,0.5000,0.3770
deepseek-3.2-thinking,祝英台近,宗规思变,修炼艰辛,deepseek-3.2-thinking,沁园春,宗门思变,修炼苦修,0.8766,0.5000,0.3766
deepseek-3.2-thinking,祝英台近,宗规感怀,修炼艰辛,deepseek-3.2-thinking,沁园春,宗门思变,修炼苦修,0.8766,0.5000,0.3766
deepseek-3.2-thinking,沁园春,规革沉吟,修炼艰辛,deepseek-3.2-thinking,沁园春,宗门思变,修炼苦修,0.8766,0.5000,0.3766
deepseek-3.2-thinking,浪淘沙,宗门感怀,法度森严,qwen3.6-plus,祝英台近,云崖独叹,戒律森严,0.8765,0.5000,0.3765
deepseek-3.2-thinking,浪淘沙,宗门感怀,法度森严,glm-5,浪淘沙,宗门旧规感怀,戒律森严,0.8765,0.5000,0.3765
deepseek-3.2-thinking,浪淘沙,宗门感怀,法度森严,glm-5,浪淘沙,规矩之叹,戒律森严,0.8765,0.5000,0.3765
deepseek-3.2-thinking,浪淘沙,宗门夜思,路险行艰,deepseek-3.2-thinking,沁园春,宗门思变,道路维艰,0.8752,0.5000,0.3752
doubao-seed-2.0-pro,沁园春,宗门感事,云绕丹台,deepseek-3.2-thinking,沁园春,宗规有感,雾绕仙台,0.8751,0.5000,0.3751
deepseek-3.2-thinking,沁园春,宗门感事,传统森严,deepseek-3.2-thinking,沁园春,宗规感怀,宗法森严,0.8743,0.5000,0.3743
deepseek-3.2-thinking,沁园春,规变吟,修炼勤苦,deepseek-3.2-thinking,沁园春,规革沉吟,修炼艰辛,0.8738,0.5000,0.3738
deepseek-3.2-thinking,沁园春,规变吟,修炼勤苦,deepseek-3.2-thinking,祝英台近,宗规感怀,修炼艰辛,0.8738,0.5000,0.3738
deepseek-3.2-thinking,沁园春,规变吟,修炼勤苦,deepseek-3.2-thinking,祝英台近,宗规思变,修炼艰辛,0.8738,0.5000,0.3738
doubao-seed-2.0-pro,沁园春,凌霄阁夜坐抒怀,道本圆通,deepseek-3.2-thinking,沁园春,感规,道契天通,0.8738,0.5000,0.3738
qwen3.6-plus,沁园春,剑阁春思,丹炉烟重,qwen3.6-plus,祝英台近,观剑阁旧规有感,丹炉凝雾,0.8730,0.5000,0.3730
qwen3.6-plus,浪淘沙,云崖规诫叹,又恐风湍,qwen3.6-plus,浪淘沙,道枢叹,却恐惊湍,0.8730,0.5000,0.3730
deepseek-3.2-thinking,浪淘沙,宗门感怀,却惧危艰,deepseek-3.2-thinking,祝英台近,规变沉吟,又惧危时,0.8726,0.5000,0.3726
doubao-seed-2.0-pro,沁园春,登望云峰有感,云锁层峰,deepseek-3.2-thinking,沁园春,规变吟,雾锁千峰,0.8726,0.5000,0.3726
doubao-seed-2.0-pro,沁园春,宗门晚眺抒怀,云锁层峰,deepseek-3.2-thinking,沁园春,规变吟,雾锁千峰,0.8726,0.5000,0.3726
doubao-seed-2.0-pro,沁园春,宗阁抒怀,云锁层峰,deepseek-3.2-thinking,沁园春,规变吟,雾锁千峰,0.8726,0.5000,0.3726
doubao-seed-2.0-pro,沁园春,登云阁望剑坪有感,云锁层峰,deepseek-3.2-thinking,沁园春,规变吟,雾锁千峰,0.8726,0.5000,0.3726
qwen3.6-plus,菩萨蛮,宗门夜思,孤灯照夜空,qwen3.6-plus,菩萨蛮,剑阁秋思,长夜孤灯照胆寒,0.8722,0.5000,0.3722
qwen3.6-plus,沁园春,宗规叹,古阁凝霜,glm-5,沁园春,宗门夜感,古殿霜凝,0.8716,0.5000,0.3716
doubao-seed-2.0-pro,沁园春,宗阁有所思,霜横剑锷,glm-5,祝英台近,宗门旧制,霜锋剑影,0.8711,0.5000,0.3711
doubao-seed-2.0-pro,沁园春,宗门感怀,万仞玄峰,doubao-seed-2.0-pro,沁园春,凌霄宗感事,万仞丹崖,0.8711,0.5000,0.3711
doubao-seed-2.0-pro,沁园春,凌霄宗感事,万仞丹崖,doubao-seed-2.0-pro,沁园春,玄峰议事后感,万仞玄峰,0.8711,0.5000,0.3711
qwen3.6-plus,沁园春,玄门问剑,丹炉冷焰,qwen3.6-plus,沁园春,宗门思变,丹炉熄火,0.8703,0.5000,0.3703
deepseek-3.2-thinking,沁园春,规革沉吟,灵峰雾锁,qwen3.6-plus,沁园春,宗门夜思,雾隐灵峰,0.8700,0.5000,0.3700
qwen3.6-plus,沁园春,门规叹,暗损朱颜,glm-5,浪淘沙,宗门感怀,瘦损红颜,0.8698,0.5000,0.3698
doubao-seed-2.0-pro,浪淘沙,宗门夜坐感怀,众论难安,deepseek-3.2-thinking,浪淘沙,宗门感怀,众议难容,0.8697,0.5000,0.3697
doubao-seed-2.0-pro,浪淘沙,夜望宗门有感,众论难安,deepseek-3.2-thinking,浪淘沙,宗门感怀,众议难容,0.8697,0.5000,0.3697
doubao-seed-2.0-pro,浪淘沙,凌霄阁夜坐有感,众论难安,deepseek-3.2-thinking,浪淘沙,宗门感怀,众议难容,0.8697,0.5000,0.3697
doubao-seed-2.0-pro,浪淘沙,云阁夜思,众论难安,deepseek-3.2-thinking,浪淘沙,宗门感怀,众议难容,0.8697,0.5000,0.3697
doubao-seed-2.0-pro,清平乐,云台有感,丹梯云绕,doubao-seed-2.0-pro,沁园春,宗门夜坐抒怀,云护丹梯,0.8697,0.5000,0.3697
doubao-seed-2.0-pro,清平乐,云台有感,丹梯云绕,doubao-seed-2.0-pro,沁园春,登观星台述怀,云护丹梯,0.8697,0.5000,0.3697
qwen3.6-plus,沁园春,云崖夜思,祖师遗训,qwen3.6-plus,沁园春,宗门夜思,师尊垂训,0.8693,0.5000,0.3693
doubao-seed-2.0-pro,浪淘沙,夜坐宗门云阁有感,众论难降,qwen3.6-plus,沁园春,云崖长老自遣,众议难休,0.8691,0.5000,0.3691
doubao-seed-2.0-pro,沁园春,凌霄宗议事书怀,锋磨霜剑,glm-5,祝英台近,宗门旧制,霜锋剑影,0.8689,0.5000,0.3689
qwen3.6-plus,沁园春,云笈问剑,鹤唳松庭,qwen3.6-plus,浪淘沙,剑阁秋思,鹤唳空山,0.8683,0.5000,0.3683
doubao-seed-2.0-pro,沁园春,登凌霄阁有感,况众论喧喧阻议繁,glm-5,浪淘沙,规矩之叹,众议喧繁,0.8682,0.5000,0.3682
doubao-seed-2.0-pro,沁园春,宗门感事,黛锁层峦,doubao-seed-2.0-pro,沁园春,登云阁望剑坪有感,云锁层峰,0.8682,0.5000,0.3682
doubao-seed-2.0-pro,沁园春,宗门感事,黛锁层峦,doubao-seed-2.0-pro,沁园春,登望云峰有感,云锁层峰,0.8682,0.5000,0.3682
doubao-seed-2.0-pro,沁园春,宗门感事,黛锁层峦,doubao-seed-2.0-pro,沁园春,宗阁抒怀,云锁层峰,0.8682,0.5000,0.3682
doubao-seed-2.0-pro,沁园春,宗门晚眺抒怀,云锁层峰,doubao-seed-2.0-pro,沁园春,宗门感事,黛锁层峦,0.8682,0.5000,0.3682
deepseek-3.2-thinking,沁园春,宗门沉吟,规矩仍崇,deepseek-3.2-thinking,祝英台近,宗规感怀,规矩存优,0.8681,0.5000,0.3681
doubao-seed-2.0-pro,清平乐,宗门夜坐感怀,也知严律持威,doubao-seed-2.0-pro,清平乐,宗门感事,全凭严律扶威,0.8681,0.5000,0.3681
doubao-seed-2.0-pro,沁园春,宗门夜坐书怀,赖旧制森严御甲兵,doubao-seed-2.0-pro,沁园春,宗门述怀,仗峻法森严御寇兵,0.8680,0.5000,0.3680
doubao-seed-2.0-pro,浪淘沙,夜望宗门有感,众论难安,qwen3.6-plus,沁园春,云崖长老自遣,众议难休,0.8678,0.5000,0.3678
doubao-seed-2.0-pro,浪淘沙,凌霄阁夜坐有感,众论难安,qwen3.6-plus,沁园春,云崖长老自遣,众议难休,0.8678,0.5000,0.3678
doubao-seed-2.0-pro,浪淘沙,宗门夜坐感怀,众论难安,qwen3.6-plus,沁园春,云崖长老自遣,众议难休,0.8678,0.5000,0.3678
doubao-seed-2.0-pro,浪淘沙,云阁夜思,众论难安,qwen3.6-plus,沁园春,云崖长老自遣,众议难休,0.8678,0.5000,0.3678
doubao-seed-2.0-pro,祝英台近,星台夜坐有感,森严似铁,deepseek-3.2-thinking,沁园春,宗门感怀,铁律森严,0.8678,0.5000,0.3678
doubao-seed-2.0-pro,祝英台近,星台夜坐有感,森严似铁,qwen3.6-plus,沁园春,阁夜沉吟,铁律森严,0.8678,0.5000,0.3678
doubao-seed-2.0-pro,祝英台近,星台夜坐有感,森严似铁,qwen3.6-plus,沁园春,云崖夜思,铁律森严,0.8678,0.5000,0.3678
doubao-seed-2.0-pro,祝英台近,星台夜坐有感,森严似铁,qwen3.6-plus,沁园春,云崖长老自遣,铁律森严,0.8678,0.5000,0.3678
doubao-seed-2.0-pro,祝英台近,星台夜坐有感,森严似铁,glm-5,祝英台近,宗规叹,铁律森严,0.8678,0.5000,0.3678
doubao-seed-2.0-pro,祝英台近,星台夜坐有感,森严似铁,glm-5,祝英台近,宗门旧制感怀,铁律森严,0.8678,0.5000,0.3678
doubao-seed-2.0-pro,祝英台近,星台夜坐有感,森严似铁,qwen3.6-plus,沁园春,观宗门旧制有感,铁律森严,0.8678,0.5000,0.3678
deepseek-3.2-thinking,沁园春,宗门感事,规矩能全,deepseek-3.2-thinking,沁园春,宗变思,规矩须将,0.8677,0.5000,0.3677
qwen3.6-plus,祝英台近,云笈问剑,百代规绳,qwen3.6-plus,祝英台近,云枢长老观剑阁有感,千载规绳,0.8677,0.5000,0.3677
qwen3.6-plus,祝英台近,云崖问剑,百代规绳,qwen3.6-plus,祝英台近,云枢长老观剑阁有感,千载规绳,0.8677,0.5000,0.3677
qwen3.6-plus,祝英台近,剑阁秋思,百代规绳,qwen3.6-plus,祝英台近,云枢长老观剑阁有感,千载规绳,0.8677,0.5000,0.3677
deepseek-3.2-thinking,沁园春,宗门夜思,规矩森森,deepseek-3.2-thinking,沁园春,宗派感怀,规条森列,0.8675,0.5000,0.3675
deepseek-3.2-thinking,菩萨蛮,规训感怀,危时战力显,deepseek-3.2-thinking,浪淘沙,宗门感怀,危时方显战衣坚,0.8675,0.5000,0.3675
glm-5,祝英台近,宗门感怀,独倚危楼,glm-5,浪淘沙,规矩之叹,独倚阑干,0.8671,0.5000,0.3671
doubao-seed-2.0-pro,浪淘沙,宗门夜望感怀,独倚阑干,glm-5,祝英台近,宗门感怀,独倚危楼,0.8671,0.5000,0.3671
qwen3.6-plus,沁园春,宗门夜思,独倚阑干,glm-5,祝英台近,宗门感怀,独倚危楼,0.8671,0.5000,0.3671
doubao-seed-2.0-pro,浪淘沙,宗门感怀,却见少年阶下立,doubao-seed-2.0-pro,祝英台近,宗门感怀,阶下少年立,0.8670,0.5000,0.3670
deepseek-3.2-thinking,祝英台近,宗门夜思,规训固,deepseek-3.2-thinking,祝英台近,规变吟,规矩保宗固,0.8669,0.5000,0.3669
deepseek-3.2-thinking,祝英台近,宗门夜思,规训固,deepseek-3.2-thinking,祝英台近,规变吟,规矩保宗固,0.8669,0.5000,0.3669
deepseek-3.2-thinking,祝英台近,宗门思变,规训固,deepseek-3.2-thinking,祝英台近,规变吟,规矩保宗固,0.8669,0.5000,0.3669
doubao-seed-2.0-pro,浪淘沙,云台夜思,露冷浸星坛,doubao-seed-2.0-pro,菩萨蛮,宗门夜坐抒怀,松阶露浸星芒冷,0.8668,0.5000,0.3668
doubao-seed-2.0-pro,沁园春,宗门夜思,束性拘灵,deepseek-3.2-thinking,沁园春,宗门夜思,束缚灵性,0.8666,0.5000,0.3666
doubao-seed-2.0-pro,浪淘沙,凌霄阁夜坐有感,众论难安,glm-5,沁园春,宗门感怀,众议难商,0.8657,0.5000,0.3657
doubao-seed-2.0-pro,浪淘沙,宗门夜坐感怀,众论难安,glm-5,沁园春,宗门感怀,众议难商,0.8657,0.5000,0.3657
doubao-seed-2.0-pro,浪淘沙,云阁夜思,众论难安,glm-5,沁园春,宗门感怀,众议难商,0.8657,0.5000,0.3657
doubao-seed-2.0-pro,浪淘沙,夜望宗门有感,众论难安,glm-5,沁园春,宗门感怀,众议难商,0.8657,0.5000,0.3657
doubao-seed-2.0-pro,浪淘沙,云阁夜思,空负韶年,deepseek-3.2-thinking,沁园春,宗门思变,莫负华年,0.8657,0.5000,0.3657
qwen3.6-plus,浪淘沙,宗门规诫有感,剑气凝霜,qwen3.6-plus,沁园春,宗门夜思,剑气正寒,0.8655,0.5000,0.3655
deepseek-3.2-thinking,祝英台近,宗门夜思,规矩虽保战力,deepseek-3.2-thinking,祝英台近,宗门沉吟,宗规系战力固,0.8647,0.5000,0.3647
qwen3.6-plus,清平乐,玄枢阁夜思,剑气霜寒凝玉宇,glm-5,浪淘沙,宗规,剑气冷寒霜,0.8645,0.5000,0.3645
doubao-seed-2.0-pro,沁园春,凌霄峰感事,锋凝霜雪,qwen3.6-plus,祝英台近,剑阁书怀,霜锋凝处,0.8641,0.5000,0.3641
deepseek-3.2-thinking,浪淘沙,宗门感怀,法度森严,glm-5,清平乐,宗门思变,森严法炬,0.8640,0.5000,0.3640
deepseek-3.2-thinking,清平乐,宗门思变,宗门规矩固,deepseek-3.2-thinking,祝英台近,宗门夜思,规训固,0.8638,0.5000,0.3638
deepseek-3.2-thinking,清平乐,宗门思变,宗门规矩固,deepseek-3.2-thinking,祝英台近,宗门思变,规训固,0.8638,0.5000,0.3638
deepseek-3.2-thinking,清平乐,宗门思变,宗门规矩固,deepseek-3.2-thinking,祝英台近,宗门夜思,规训固,0.8638,0.5000,0.3638
doubao-seed-2.0-pro,浪淘沙,夜望宗门有感,空负华年,glm-5,沁园春,宗门旧制感怀,莫负流年,0.8638,0.5000,0.3638
doubao-seed-2.0-pro,沁园春,玄宗夜坐书怀,凭栏立,deepseek-3.2-thinking,沁园春,宗派抒怀,凭栏杆无语,0.8637,0.5000,0.3637
deepseek-3.2-thinking,沁园春,宗派抒怀,凭栏杆无语,qwen3.6-plus,沁园春,宗门夜思,凭栏立,0.8637,0.5000,0.3637
qwen3.6-plus,祝英台近,剑阁夜思,敛青锋,qwen3.6-plus,沁园春,宗门思变,叹青锋敛锷,0.8636,0.5000,0.3636
doubao-seed-2.0-pro,祝英台近,玄峰阁晚望有感,欲把陈格新裁,doubao-seed-2.0-pro,沁园春,凌霄峰感事,欲将陈例轻裁,0.8635,0.5000,0.3635
deepseek-3.2-thinking,祝英台近,规变思,灵根锁,qwen3.6-plus,清平乐,观剑阁弟子训有感,暗锁灵根困,0.8631,0.5000,0.3631
doubao-seed-2.0-pro,沁园春,凌霄阁感怀,云锁丹台,deepseek-3.2-thinking,沁园春,宗门感事,云锁仙山,0.8629,0.5000,0.3629
doubao-seed-2.0-pro,沁园春,宗门感怀,云锁丹台,deepseek-3.2-thinking,沁园春,宗门感事,云锁仙山,0.8629,0.5000,0.3629
doubao-seed-2.0-pro,沁园春,宗门感怀,云锁丹台,deepseek-3.2-thinking,沁园春,宗门感事,云锁仙山,0.8629,0.5000,0.3629
doubao-seed-2.0-pro,沁园春,宗门夜坐感事,云锁丹台,deepseek-3.2-thinking,沁园春,宗门感事,云锁仙山,0.8629,0.5000,0.3629
doubao-seed-2.0-pro,沁园春,云阁夜思,云锁丹台,deepseek-3.2-thinking,沁园春,宗门感事,云锁仙山,0.8629,0.5000,0.3629
deepseek-3.2-thinking,祝英台近,宗规思,战力方显,deepseek-3.2-thinking,祝英台近,宗规思变,战力保全,0.8627,0.5000,0.3627
