词ID,模型,词牌,题目,句数,平均语义相似度,平均字面相似度,最高语义相似度,最高字面相似度
397,deepseek-3.2-thinking,菩萨蛮,宗门改革感怀,8,0.4231,0.0976,0.6705,0.6000
243,deepseek-3.2-thinking,清平乐,规革沉吟,8,0.4062,0.0126,0.5524,0.2000
237,deepseek-3.2-thinking,清平乐,仙规感怀,8,0.3940,0.0262,0.5790,0.2000
225,deepseek-3.2-thinking,清平乐,宗规感怀,8,0.3865,0.0373,0.7184,0.4000
409,qwen3.6-plus,菩萨蛮,玄门春望,8,0.3848,0.0111,0.5298,0.1667
415,qwen3.6-plus,清平乐,戒尺吟,8,0.3800,0.0060,0.6189,0.1667
527,qwen3.6-plus,菩萨蛮,灵枢叹,8,0.3736,0.0119,0.5823,0.1667
471,qwen3.6-plus,祝英台近,剑阁夜思,8,0.3700,0.0000,0.4811,0.0000
368,deepseek-3.2-thinking,浪淘沙,宗门感怀,10,0.3690,0.0304,0.6996,0.3636
546,qwen3.6-plus,祝英台近,宗门规戒有感,18,0.3681,0.0098,0.6190,0.3333
9,doubao-seed-2.0-pro,清平乐,宗门夜思,8,0.3666,0.0110,0.6345,0.1538
474,qwen3.6-plus,菩萨蛮,云阶问律,8,0.3660,0.0060,0.5787,0.1667
323,deepseek-3.2-thinking,菩萨蛮,宗规吟,8,0.3653,0.0274,0.5156,0.2000
472,qwen3.6-plus,清平乐,云崖长老叹,8,0.3651,0.0131,0.5625,0.2000
434,qwen3.6-plus,清平乐,云枢阁夜思,8,0.3647,0.0196,0.5482,0.2000
554,qwen3.6-plus,祝英台近,宗门叹,18,0.3637,0.0152,0.6589,0.2857
303,deepseek-3.2-thinking,菩萨蛮,宗门变革吟,8,0.3634,0.0131,0.5384,0.2000
308,deepseek-3.2-thinking,浪淘沙,宗门感怀,10,0.3627,0.0333,0.6039,0.3333
344,deepseek-3.2-thinking,清平乐,变革之思,8,0.3625,0.0190,0.6144,0.2000
584,glm-5,清平乐,宗门感怀,8,0.3623,0.0055,0.5207,0.1538
270,deepseek-3.2-thinking,菩萨蛮,宗门感怀,8,0.3622,0.0119,0.5104,0.1667
401,qwen3.6-plus,浪淘沙,剑阁凝霜,10,0.3618,0.0040,0.5577,0.1818
377,deepseek-3.2-thinking,浪淘沙,改革吟,10,0.3609,0.0206,0.5681,0.1667
78,doubao-seed-2.0-pro,清平乐,宗阁夜思,8,0.3606,0.0055,0.4945,0.1538
528,qwen3.6-plus,祝英台近,观剑阁旧规有感,8,0.3606,0.0089,0.5923,0.2500
552,qwen3.6-plus,沁园春,宗律有感,26,0.3605,0.0092,0.6795,0.2857
376,deepseek-3.2-thinking,菩萨蛮,宗规感怀,8,0.3603,0.0393,0.5339,0.2000
455,qwen3.6-plus,浪淘沙,宗门书怀,10,0.3591,0.0072,0.6149,0.1818
318,deepseek-3.2-thinking,菩萨蛮,规中吟,8,0.3582,0.0495,0.5978,0.4000
625,gemini-3.1-pro,菩萨蛮,宗门遣怀,8,0.3571,0.0000,0.5749,0.0000
598,glm-5,清平乐,宗门述怀,8,0.3564,0.0120,0.5836,0.1818
512,qwen3.6-plus,菩萨蛮,夜叹宗规,8,0.3562,0.0190,0.5189,0.2000
399,deepseek-3.2-thinking,清平乐,宗门感怀,8,0.3557,0.0131,0.5485,0.2000
93,doubao-seed-2.0-pro,清平乐,云阁夜坐有感,8,0.3554,0.0055,0.5709,0.1538
429,qwen3.6-plus,祝英台近,剑阁秋思,16,0.3553,0.0078,0.6171,0.2500
457,qwen3.6-plus,浪淘沙,宗门夜思,10,0.3548,0.0032,0.5322,0.1429
491,qwen3.6-plus,清平乐,宗规叹,8,0.3545,0.0119,0.5329,0.1667
525,qwen3.6-plus,祝英台近,云阶叹,10,0.3544,0.0040,0.5963,0.1818
428,qwen3.6-plus,菩萨蛮,玄枢阁夜思,8,0.3535,0.0274,0.6155,0.2000
613,glm-5,清平乐,宗门夜坐,8,0.3530,0.0119,0.5329,0.1667
224,deepseek-3.2-thinking,菩萨蛮,宗门规叹,8,0.3526,0.0000,0.5433,0.0000
358,deepseek-3.2-thinking,浪淘沙,宗门感怀,10,0.3522,0.0165,0.5684,0.2500
450,qwen3.6-plus,菩萨蛮,宗阁夜思,8,0.3521,0.0179,0.5446,0.1667
499,qwen3.6-plus,清平乐,宗门夜思,8,0.3518,0.0126,0.5077,0.2000
432,qwen3.6-plus,祝英台近,宗门戒律有感,8,0.3517,0.0060,0.5968,0.1667
436,qwen3.6-plus,清平乐,观剑阁弟子训有感,8,0.3512,0.0136,0.6023,0.2000
519,qwen3.6-plus,祝英台近,剑阁秋思,14,0.3512,0.0137,0.5972,0.2000
511,qwen3.6-plus,祝英台近,云坞叹规,18,0.3511,0.0098,0.8010,0.3333
459,qwen3.6-plus,菩萨蛮,宗阁秋思,8,0.3507,0.0131,0.5435,0.2000
517,qwen3.6-plus,沁园春,破阵子·剑阁新思,17,0.3495,0.0094,0.5693,0.2857
164,doubao-seed-2.0-pro,清平乐,宗门夜坐抒怀,8,0.3485,0.0110,0.5072,0.1538
469,qwen3.6-plus,祝英台近,剑阁秋思,8,0.3483,0.0000,0.5752,0.0000
422,qwen3.6-plus,祝英台近,剑阁秋思,16,0.3482,0.0059,0.5844,0.2500
490,qwen3.6-plus,祝英台近,云渊阁改制有感,16,0.3480,0.0171,0.6113,0.2500
375,deepseek-3.2-thinking,清平乐,宗规吟,8,0.3476,0.0320,0.5394,0.2000
515,qwen3.6-plus,祝英台近,宗门思变,18,0.3472,0.0093,0.6459,0.3333
426,qwen3.6-plus,浪淘沙,破阵辞,5,0.3471,0.0000,0.4911,0.0000
421,qwen3.6-plus,清平乐,问剑阁夜思,8,0.3469,0.0234,0.5295,0.1818
461,qwen3.6-plus,浪淘沙,门规叹,10,0.3468,0.0032,0.5561,0.1429
294,deepseek-3.2-thinking,清平乐,宗门夜思,8,0.3466,0.0000,0.5971,0.0000
405,qwen3.6-plus,浪淘沙,云崖问剑,14,0.3462,0.0191,0.6442,0.2857
492,qwen3.6-plus,浪淘沙,玄枢感怀,10,0.3461,0.0032,0.4945,0.1429
260,deepseek-3.2-thinking,祝英台近,宗规感怀,16,0.3460,0.0138,0.5588,0.2500
179,doubao-seed-2.0-pro,祝英台近,宗门夜思,16,0.3459,0.0080,0.5445,0.2500
88,doubao-seed-2.0-pro,沁园春,宗门述怀,25,0.3457,0.0051,0.6109,0.2500
248,deepseek-3.2-thinking,清平乐,宗门感怀,8,0.3454,0.0249,0.4982,0.3636
555,qwen3.6-plus,祝英台近,云崖独叹,22,0.3452,0.0101,0.7999,0.4000
514,qwen3.6-plus,清平乐,山门夜思,8,0.3444,0.0174,0.5944,0.3333
302,deepseek-3.2-thinking,菩萨蛮,宗门规锁感怀,8,0.3443,0.0190,0.5287,0.2000
246,deepseek-3.2-thinking,祝英台近,宗门变革思,16,0.3440,0.0133,0.6377,0.2500
71,doubao-seed-2.0-pro,沁园春,宗门夜坐抒怀,25,0.3440,0.0046,0.7241,0.3333
431,qwen3.6-plus,清平乐,观剑阁新规有感,8,0.3437,0.0055,0.4921,0.1538
310,deepseek-3.2-thinking,菩萨蛮,宗规思变,8,0.3436,0.0060,0.5168,0.1667
509,qwen3.6-plus,菩萨蛮,宗门夜思,8,0.3431,0.0071,0.6246,0.2000
95,doubao-seed-2.0-pro,清平乐,宗门夜思,8,0.3428,0.0000,0.4913,0.0000
453,qwen3.6-plus,菩萨蛮,宗门夜思,8,0.3427,0.0131,0.5488,0.2000
214,deepseek-3.2-thinking,菩萨蛮,宗门感怀,8,0.3425,0.0262,0.7128,0.4000
123,doubao-seed-2.0-pro,浪淘沙,宗门夜望感怀,10,0.3423,0.0056,0.6050,0.2500
280,deepseek-3.2-thinking,祝英台近,宗规思,16,0.3422,0.0129,0.6748,0.3333
609,glm-5,祝英台近,宗规,16,0.3421,0.0104,0.5893,0.2222
539,qwen3.6-plus,菩萨蛮,宗门夜思,8,0.3420,0.0131,0.5411,0.2000
194,doubao-seed-2.0-pro,清平乐,云阁夜思,8,0.3418,0.0071,0.4878,0.2000
423,qwen3.6-plus,清平乐,宗门夜思,8,0.3418,0.0000,0.5110,0.0000
136,doubao-seed-2.0-pro,祝英台近,玄峰夜望有感,16,0.3417,0.0051,0.6566,0.2857
521,qwen3.6-plus,祝英台近,云枢问律,8,0.3411,0.0000,0.5075,0.0000
417,qwen3.6-plus,沁园春,观戒尺有感,25,0.3410,0.0090,0.6464,0.4444
374,deepseek-3.2-thinking,清平乐,规变吟,8,0.3407,0.0189,0.5065,0.1818
140,doubao-seed-2.0-pro,祝英台近,宗门夜坐偶成,16,0.3406,0.0024,0.5888,0.1667
353,deepseek-3.2-thinking,清平乐,规剑吟,8,0.3406,0.0190,0.5514,0.2000
32,doubao-seed-2.0-pro,沁园春,宗门夜坐书怀,25,0.3405,0.0014,0.6932,0.2500
281,deepseek-3.2-thinking,菩萨蛮,宗规之惑,8,0.3404,0.0345,0.6355,0.4000
398,deepseek-3.2-thinking,沁园春,宗规感怀,25,0.3404,0.0119,0.6282,0.3077
370,deepseek-3.2-thinking,沁园春,宗门感怀,25,0.3404,0.0129,0.7181,0.4444
503,qwen3.6-plus,清平乐,宗夜思改,8,0.3403,0.0169,0.5772,0.1667
72,doubao-seed-2.0-pro,清平乐,玄宗夜坐书怀,8,0.3401,0.0000,0.4778,0.0000
275,deepseek-3.2-thinking,清平乐,规变感言,8,0.3399,0.0296,0.5882,0.3077
573,glm-5,沁园春,宗门旧制,23,0.3399,0.0124,0.8860,0.4444
477,qwen3.6-plus,祝英台近,云崖夜思,16,0.3392,0.0131,0.6699,0.4444
103,doubao-seed-2.0-pro,祝英台近,云阁夜坐有感,16,0.3391,0.0061,0.6559,0.2857
545,qwen3.6-plus,祝英台近,观规有作,16,0.3391,0.0104,0.5870,0.2222
396,deepseek-3.2-thinking,沁园春,宗规思变,25,0.3391,0.0101,0.6484,0.5000
524,qwen3.6-plus,祝英台近,云阶夜思,16,0.3391,0.0133,0.6414,0.2500
31,doubao-seed-2.0-pro,沁园春,宗门感怀,25,0.3388,0.0054,0.7006,0.2500
300,deepseek-3.2-thinking,菩萨蛮,宗门有感,8,0.3388,0.0888,0.5811,0.3333
616,glm-5,祝英台近,宗门旧制感怀,16,0.3388,0.0061,0.6396,0.3333
391,deepseek-3.2-thinking,沁园春,宗门变革吟,25,0.3388,0.0179,0.7663,0.5000
85,doubao-seed-2.0-pro,沁园春,凌霄宗议事书怀,25,0.3386,0.0041,0.6432,0.2222
255,deepseek-3.2-thinking,菩萨蛮,宗派感遇,8,0.3385,0.0333,0.5310,0.2000
549,qwen3.6-plus,沁园春,宗规叹,25,0.3382,0.0061,0.5934,0.2667
585,glm-5,菩萨蛮,宗门感怀,8,0.3381,0.0119,0.5745,0.1667
63,doubao-seed-2.0-pro,沁园春,宗门晚眺抒怀,25,0.3379,0.0037,0.6062,0.2222
410,qwen3.6-plus,浪淘沙,剑阁秋思,10,0.3377,0.0032,0.5555,0.1429
406,qwen3.6-plus,沁园春,云笈问剑,25,0.3376,0.0033,0.5718,0.2500
253,deepseek-3.2-thinking,祝英台近,宗门夜思,16,0.3375,0.0085,0.6873,0.2857
394,deepseek-3.2-thinking,祝英台近,宗门沉吟,16,0.3374,0.0134,0.6865,0.4000
363,deepseek-3.2-thinking,浪淘沙,宗门感事,10,0.3373,0.0133,0.6227,0.2500
380,deepseek-3.2-thinking,菩萨蛮,宗门夜思,8,0.3372,0.0190,0.5419,0.2000
139,doubao-seed-2.0-pro,清平乐,宗门夜思,8,0.3371,0.0055,0.5588,0.1538
438,qwen3.6-plus,沁园春,云阙规衡,25,0.3371,0.0073,0.6243,0.2500
498,qwen3.6-plus,祝英台近,剑阁书怀,18,0.3368,0.0147,0.6726,0.2857
159,doubao-seed-2.0-pro,祝英台近,夜坐宗阁有感,16,0.3367,0.0010,0.6483,0.1250
628,gemini-3.1-pro,浪淘沙,夜登宗门剑阁有怀,10,0.3367,0.0049,0.5688,0.2222
286,deepseek-3.2-thinking,祝英台近,宗门夜思,15,0.3367,0.0045,0.6197,0.2500
441,qwen3.6-plus,浪淘沙,清规叹,10,0.3367,0.0101,0.5518,0.1667
25,doubao-seed-2.0-pro,清平乐,宗门感事,8,0.3366,0.0000,0.4721,0.0000
274,deepseek-3.2-thinking,清平乐,宗门感遇,8,0.3366,0.0169,0.4882,0.1667
263,deepseek-3.2-thinking,浪淘沙,宗规思变,10,0.3366,0.0182,0.5729,0.3333
541,qwen3.6-plus,沁园春,观宗规有感,25,0.3366,0.0072,0.6991,0.3333
601,glm-5,清平乐,宗门夜感,8,0.3366,0.0055,0.5442,0.1538
216,deepseek-3.2-thinking,清平乐,宗门变革思,8,0.3365,0.0119,0.5221,0.1667
279,deepseek-3.2-thinking,菩萨蛮,宗规思,8,0.3362,0.0702,0.8572,0.8000
452,qwen3.6-plus,菩萨蛮,戒阁秋夜思,8,0.3361,0.0000,0.5198,0.0000
449,qwen3.6-plus,清平乐,清平乐·宗门夜思,8,0.3361,0.0119,0.5630,0.1667
579,glm-5,祝英台近,宗门书怀,16,0.3359,0.0095,0.6519,0.3077
234,deepseek-3.2-thinking,沁园春,宗门感事,25,0.3359,0.0158,0.8465,0.6154
604,glm-5,浪淘沙,宗门感怀,10,0.3358,0.0069,0.6140,0.1667
540,qwen3.6-plus,沁园春,宗规叹,25,0.3358,0.0104,0.7041,0.3333
484,qwen3.6-plus,清平乐,灵枢夜叹,8,0.3356,0.0000,0.5206,0.0000
317,deepseek-3.2-thinking,清平乐,宗门思变,8,0.3353,0.0488,0.5978,0.4000
445,qwen3.6-plus,浪淘沙,道枢叹,10,0.3350,0.0118,0.6710,0.2222
244,deepseek-3.2-thinking,浪淘沙,宗门感怀,10,0.3347,0.0086,0.5491,0.2222
218,deepseek-3.2-thinking,沁园春,宗规吟,25,0.3346,0.0059,0.7654,0.5000
265,deepseek-3.2-thinking,菩萨蛮,宗门感怀,8,0.3346,0.0321,0.5462,0.3333
226,deepseek-3.2-thinking,祝英台近,规变吟,18,0.3345,0.0212,0.8780,0.6667
211,deepseek-3.2-thinking,菩萨蛮,宗规感怀,8,0.3343,0.0060,0.4734,0.1667
507,qwen3.6-plus,清平乐,剑阁夜思,8,0.3343,0.0065,0.4709,0.1818
411,qwen3.6-plus,祝英台近,云壑新律,16,0.3343,0.0052,0.6461,0.1818
198,doubao-seed-2.0-pro,菩萨蛮,宗门感怀,8,0.3342,0.0060,0.6402,0.1667
236,deepseek-3.2-thinking,浪淘沙,宗规感怀,10,0.3341,0.0203,0.5647,0.2222
386,deepseek-3.2-thinking,祝英台近,宗门夜思,16,0.3339,0.0175,0.6209,0.2857
389,deepseek-3.2-thinking,祝英台近,宗门忧思,14,0.3337,0.0130,0.8485,0.5000
16,doubao-seed-2.0-pro,清平乐,宗门书怀,8,0.3336,0.0065,0.5134,0.1818
312,deepseek-3.2-thinking,菩萨蛮,规变吟,8,0.3336,0.0111,0.4816,0.1667
390,deepseek-3.2-thinking,祝英台近,宗门夜思,18,0.3333,0.0262,0.7606,0.5000
481,qwen3.6-plus,沁园春,宗门思变,25,0.3331,0.0021,0.6060,0.2500
493,qwen3.6-plus,沁园春,宗门述怀,25,0.3331,0.0060,0.5960,0.2500
522,qwen3.6-plus,沁园春,剑阁问心,25,0.3331,0.0043,0.6306,0.2500
505,qwen3.6-plus,沁园春,道枢沉吟,26,0.3330,0.0037,0.6373,0.5000
367,deepseek-3.2-thinking,沁园春,感规,25,0.3330,0.0175,0.7928,0.5000
171,doubao-seed-2.0-pro,沁园春,宗门述怀,25,0.3329,0.0062,0.6526,0.3333
247,deepseek-3.2-thinking,沁园春,宗门感怀,25,0.3326,0.0084,0.6825,0.2500
420,qwen3.6-plus,清平乐,剑阁夜思,8,0.3325,0.0174,0.5803,0.1667
27,doubao-seed-2.0-pro,清平乐,宗规感怀,8,0.3319,0.0136,0.4781,0.2000
424,qwen3.6-plus,祝英台近,剑阁春寒,16,0.3318,0.0150,0.6446,0.5000
121,doubao-seed-2.0-pro,菩萨蛮,宗门夜坐感怀,8,0.3318,0.0143,0.5098,0.2000
526,qwen3.6-plus,祝英台近,云崖问剑,16,0.3318,0.0118,0.5136,0.2500
316,deepseek-3.2-thinking,浪淘沙,仙门规思,10,0.3314,0.0069,0.4933,0.1667
378,deepseek-3.2-thinking,沁园春,宗门思变,25,0.3313,0.0041,0.7124,0.2500
347,deepseek-3.2-thinking,祝英台近,宗规思变,16,0.3313,0.0132,0.6564,0.2857
264,deepseek-3.2-thinking,菩萨蛮,宗门思变,8,0.3313,0.0170,0.5448,0.1667
504,qwen3.6-plus,沁园春,云崖长老自遣,25,0.3312,0.0066,0.7105,0.3333
425,qwen3.6-plus,清平乐,观规,8,0.3312,0.0055,0.4881,0.1538
535,qwen3.6-plus,浪淘沙,夜坐思规有感,10,0.3310,0.0040,0.5626,0.1818
582,glm-5,祝英台近,宗规,16,0.3310,0.0098,0.5830,0.2500
557,qwen3.6-plus,沁园春,宗门夜叹,25,0.3310,0.0062,0.6526,0.3333
42,doubao-seed-2.0-pro,沁园春,凌霄阁感怀,25,0.3310,0.0068,0.6678,0.2500
70,doubao-seed-2.0-pro,菩萨蛮,云堂夜思,8,0.3310,0.0051,0.5996,0.1429
257,deepseek-3.2-thinking,菩萨蛮,宗门感怀,8,0.3308,0.0405,0.5456,0.2000
486,qwen3.6-plus,菩萨蛮,玄门秋思,8,0.3306,0.0313,0.4692,0.2000
568,glm-5,清平乐,宗门偶感,8,0.3306,0.0110,0.4577,0.1538
288,deepseek-3.2-thinking,沁园春,感怀宗规,25,0.3301,0.0046,0.6090,0.2222
207,deepseek-3.2-thinking,菩萨蛮,长老感怀,8,0.3301,0.0119,0.5673,0.1667
333,deepseek-3.2-thinking,清平乐,宗门感怀,8,0.3299,0.0249,0.5707,0.1818
122,doubao-seed-2.0-pro,沁园春,凌霄阁感怀,25,0.3298,0.0039,0.6369,0.2500
608,glm-5,沁园春,宗门旧制感怀,23,0.3298,0.0054,0.6117,0.2857
478,qwen3.6-plus,沁园春,剑阁春思,12,0.3295,0.0065,0.5177,0.2500
337,deepseek-3.2-thinking,清平乐,规变沉吟,8,0.3294,0.0190,0.5259,0.2222
381,deepseek-3.2-thinking,沁园春,宗规感怀,26,0.3294,0.0055,0.6394,0.2500
482,qwen3.6-plus,菩萨蛮,观规有感,8,0.3293,0.0000,0.4988,0.0000
227,deepseek-3.2-thinking,浪淘沙,宗门感怀,10,0.3293,0.0127,0.6019,0.2857
543,qwen3.6-plus,浪淘沙,宗门改制书怀,10,0.3291,0.0032,0.5027,0.1429
456,qwen3.6-plus,菩萨蛮,宗门夜思,8,0.3291,0.0131,0.5062,0.2000
94,doubao-seed-2.0-pro,沁园春,宗门感事,25,0.3290,0.0066,0.5754,0.2857
7,doubao-seed-2.0-pro,沁园春,宗阁夜怀,25,0.3289,0.0072,0.6876,0.3333
145,doubao-seed-2.0-pro,祝英台近,云阁夜阅门规有怀,16,0.3289,0.0052,0.5549,0.3333
98,doubao-seed-2.0-pro,祝英台近,云阶夜坐有感,16,0.3288,0.0073,0.5420,0.2000
496,qwen3.6-plus,清平乐,夜思宗门规训,8,0.3287,0.0119,0.5056,0.1667
607,glm-5,清平乐,宗门旧制,8,0.3286,0.0126,0.4512,0.2000
301,deepseek-3.2-thinking,浪淘沙,宗门感怀,10,0.3286,0.0442,0.5245,0.5000
249,deepseek-3.2-thinking,沁园春,宗门感怀,26,0.3286,0.0070,0.6574,0.3636
388,deepseek-3.2-thinking,沁园春,宗门感怀,25,0.3285,0.0127,0.7788,0.5455
620,glm-5,清平乐,宗门夜坐,8,0.3285,0.0000,0.5265,0.0000
485,qwen3.6-plus,菩萨蛮,云渊宗规,8,0.3284,0.0060,0.5940,0.1667
556,qwen3.6-plus,沁园春,阁夜沉吟,25,0.3284,0.0057,0.6742,0.2500
289,deepseek-3.2-thinking,浪淘沙,宗门感怀,10,0.3282,0.0155,0.5725,0.3636
69,doubao-seed-2.0-pro,沁园春,登观星台述怀,25,0.3282,0.0041,0.6435,0.2500
222,deepseek-3.2-thinking,清平乐,宗门思变,8,0.3280,0.0110,0.5816,0.1538
150,doubao-seed-2.0-pro,清平乐,夜坐云堂有感,8,0.3279,0.0114,0.4826,0.1667
523,qwen3.6-plus,菩萨蛮,玄规叹,8,0.3278,0.0162,0.5055,0.1667
351,deepseek-3.2-thinking,沁园春,宗派感怀,25,0.3278,0.0098,0.6416,0.5000
544,qwen3.6-plus,沁园春,观宗门旧规有感,25,0.3278,0.0061,0.6269,0.2500
278,deepseek-3.2-thinking,沁园春,改革之思,25,0.3278,0.0101,0.6236,0.2500
536,qwen3.6-plus,清平乐,阁夜观律有感,8,0.3277,0.0055,0.5152,0.1538
193,doubao-seed-2.0-pro,清平乐,宗门夜坐抒怀,8,0.3275,0.0000,0.4674,0.0000
35,doubao-seed-2.0-pro,祝英台近,剑坪夜坐有感,16,0.3275,0.0029,0.5673,0.2222
346,deepseek-3.2-thinking,祝英台近,宗门夜思,16,0.3275,0.0046,0.5453,0.2222
599,glm-5,菩萨蛮,戒律偶成,8,0.3273,0.0000,0.5039,0.0000
276,deepseek-3.2-thinking,祝英台近,宗规叹,16,0.3273,0.0206,0.5631,0.4444
437,qwen3.6-plus,菩萨蛮,道规叹,8,0.3273,0.0051,0.4988,0.1429
593,glm-5,清平乐,宗门感怀,8,0.3271,0.0119,0.4594,0.1667
529,qwen3.6-plus,祝英台近,剑阁秋思,16,0.3268,0.0190,0.5979,0.2857
542,qwen3.6-plus,清平乐,宗门夜思,8,0.3267,0.0143,0.5742,0.2000
304,deepseek-3.2-thinking,祝英台近,宗门感怀,16,0.3267,0.0102,0.6167,0.2857
566,glm-5,祝英台近,宗规叹,16,0.3264,0.0069,0.6844,0.2857
407,qwen3.6-plus,祝英台近,云笈问剑,8,0.3262,0.0144,0.4464,0.2500
458,qwen3.6-plus,菩萨蛮,宗门夜思,8,0.3261,0.0071,0.5959,0.2000
261,deepseek-3.2-thinking,祝英台近,宗门思变,18,0.3260,0.0185,0.7823,0.4000
291,deepseek-3.2-thinking,祝英台近,宗规思变,16,0.3260,0.0111,0.5464,0.4000
553,qwen3.6-plus,祝英台近,宗门夜思,18,0.3257,0.0071,0.6109,0.2500
538,qwen3.6-plus,菩萨蛮,玄枢夜望,8,0.3257,0.0143,0.5327,0.2000
506,qwen3.6-plus,菩萨蛮,宗阁夜怀,8,0.3256,0.0190,0.5601,0.2000
520,qwen3.6-plus,沁园春,剑阁新规叹,25,0.3253,0.0073,0.5687,0.3636
359,deepseek-3.2-thinking,沁园春,宗规感怀,25,0.3252,0.0143,0.7001,0.4000
79,doubao-seed-2.0-pro,祝英台近,观宗门弟子修习感怀,16,0.3251,0.0023,0.6264,0.1538
571,glm-5,浪淘沙,宗门旧制感怀,10,0.3251,0.0000,0.5800,0.0000
293,deepseek-3.2-thinking,沁园春,宗门思变,25,0.3251,0.0083,0.6671,0.3636
200,doubao-seed-2.0-pro,菩萨蛮,宗门夜坐有感,8,0.3249,0.0060,0.5049,0.1667
356,deepseek-3.2-thinking,祝英台近,规变吟,16,0.3248,0.0218,0.6079,0.3636
73,doubao-seed-2.0-pro,祝英台近,星台夜坐有感,16,0.3247,0.0010,0.5006,0.1250
563,glm-5,浪淘沙,宗门偶感,10,0.3246,0.0313,0.5861,0.2500
241,deepseek-3.2-thinking,菩萨蛮,宗门思变,8,0.3245,0.0143,0.5394,0.2000
379,deepseek-3.2-thinking,菩萨蛮,改革之思,8,0.3245,0.0000,0.4693,0.0000
462,qwen3.6-plus,清平乐,宗门书怀,8,0.3245,0.0071,0.5112,0.2000
551,qwen3.6-plus,祝英台近,灵阁夜思,17,0.3243,0.0091,0.7383,0.3333
169,doubao-seed-2.0-pro,祝英台近,夜坐凌霄阁感怀,16,0.3242,0.0054,0.5809,0.2500
143,doubao-seed-2.0-pro,浪淘沙,云阁观弟子演武有怀,10,0.3242,0.0081,0.4900,0.1818
135,doubao-seed-2.0-pro,浪淘沙,玄台夜思,10,0.3241,0.0133,0.5168,0.2500
292,deepseek-3.2-thinking,清平乐,宗门忧思,8,0.3239,0.0249,0.4581,0.1818
464,qwen3.6-plus,清平乐,宗门夜思,8,0.3238,0.0000,0.4923,0.0000
532,qwen3.6-plus,祝英台近,云枢引,14,0.3237,0.0064,0.5172,0.2000
413,qwen3.6-plus,祝英台近,云阁秋思,13,0.3237,0.0021,0.5303,0.1667
307,deepseek-3.2-thinking,浪淘沙,规锁心潮,10,0.3234,0.0267,0.6861,0.2500
60,doubao-seed-2.0-pro,祝英台近,云崖有感,16,0.3233,0.0048,0.5667,0.2500
480,qwen3.6-plus,沁园春,玄门问剑,25,0.3232,0.0072,0.6018,0.2500
487,qwen3.6-plus,菩萨蛮,剑阁秋思,8,0.3231,0.0202,0.5569,0.2000
161,doubao-seed-2.0-pro,清平乐,云台夜思,8,0.3231,0.0065,0.5255,0.1818
210,deepseek-3.2-thinking,沁园春,宗规感怀,25,0.3230,0.0084,0.6821,0.2857
488,qwen3.6-plus,沁园春,云崖夜思,25,0.3230,0.0055,0.6623,0.2500
443,qwen3.6-plus,菩萨蛮,宗门夜叹,8,0.3229,0.0071,0.4941,0.2000
547,qwen3.6-plus,沁园春,门规叹,25,0.3229,0.0068,0.6339,0.2500
10,doubao-seed-2.0-pro,清平乐,宗阁夜坐抒怀,8,0.3228,0.0000,0.4492,0.0000
168,doubao-seed-2.0-pro,沁园春,宗阁抒怀,25,0.3227,0.0079,0.7574,0.3333
142,doubao-seed-2.0-pro,沁园春,望宗门演武有怀,25,0.3226,0.0062,0.6460,0.2857
335,deepseek-3.2-thinking,清平乐,宗规思变,8,0.3226,0.0239,0.5416,0.1818
326,deepseek-3.2-thinking,清平乐,规变吟,8,0.3226,0.0114,0.5309,0.1667
109,doubao-seed-2.0-pro,浪淘沙,宗门夜坐抒怀,10,0.3225,0.0072,0.5589,0.1818
575,glm-5,祝英台近,宗规之惑,16,0.3225,0.0063,0.6022,0.2222
87,doubao-seed-2.0-pro,祝英台近,云台夜思,16,0.3225,0.0044,0.5207,0.2500
11,doubao-seed-2.0-pro,沁园春,宗门夜思,25,0.3224,0.0057,0.5967,0.2500
350,deepseek-3.2-thinking,祝英台近,规改吟,17,0.3223,0.0110,0.5848,0.2857
258,deepseek-3.2-thinking,祝英台近,宗规吟,16,0.3223,0.0188,0.6867,0.4000
18,doubao-seed-2.0-pro,清平乐,云门感事,8,0.3223,0.0000,0.4664,0.0000
59,doubao-seed-2.0-pro,菩萨蛮,凌霄阁夜坐感宗门事,8,0.3219,0.0119,0.5008,0.1667
239,deepseek-3.2-thinking,沁园春,规变感怀,25,0.3217,0.0096,0.5834,0.2857
110,doubao-seed-2.0-pro,沁园春,云门感怀,25,0.3216,0.0072,0.7058,0.5000
627,gemini-3.1-pro,菩萨蛮,太虚楼夜坐,8,0.3215,0.0060,0.6427,0.1667
188,doubao-seed-2.0-pro,沁园春,宗门感怀,25,0.3214,0.0037,0.6569,0.3333
48,doubao-seed-2.0-pro,浪淘沙,宗门夜坐有感,10,0.3214,0.0104,0.5142,0.2857
366,deepseek-3.2-thinking,菩萨蛮,规中思,8,0.3214,0.0179,0.5638,0.1667
38,doubao-seed-2.0-pro,沁园春,宗门感怀,25,0.3212,0.0048,0.5735,0.2500
67,doubao-seed-2.0-pro,浪淘沙,云阁夜思,10,0.3212,0.0000,0.5432,0.0000
468,qwen3.6-plus,祝英台近,云崖戒尺吟,16,0.3211,0.0059,0.6456,0.2500
516,qwen3.6-plus,沁园春,观宗门旧制有感,13,0.3208,0.0032,0.5994,0.2500
137,doubao-seed-2.0-pro,清平乐,云峰阁夜坐有感,8,0.3208,0.0000,0.4530,0.0000
41,doubao-seed-2.0-pro,沁园春,宗门感怀,25,0.3207,0.0036,0.6081,0.2500
364,deepseek-3.2-thinking,祝英台近,仙门感怀,16,0.3206,0.0171,0.6892,0.2500
606,glm-5,沁园春,宗门感怀,24,0.3205,0.0077,0.6671,0.2857
369,deepseek-3.2-thinking,祝英台近,规变沉吟,16,0.3205,0.0061,0.5964,0.2857
531,qwen3.6-plus,祝英台近,云枢长老观剑阁有感,17,0.3203,0.0084,0.5496,0.2500
530,qwen3.6-plus,菩萨蛮,云崖规诫,8,0.3202,0.0060,0.5190,0.1667
124,doubao-seed-2.0-pro,浪淘沙,夜坐宗门云阁有感,10,0.3201,0.0077,0.5350,0.1818
311,deepseek-3.2-thinking,祝英台近,宗门变革有感,16,0.3201,0.0078,0.5170,0.2222
174,doubao-seed-2.0-pro,祝英台近,玄峰夜坐感怀,16,0.3201,0.0061,0.5660,0.2857
57,doubao-seed-2.0-pro,清平乐,宗门夜坐书怀,8,0.3201,0.0114,0.4731,0.1667
219,deepseek-3.2-thinking,祝英台近,规变吟,16,0.3201,0.0127,0.7127,0.2857
282,deepseek-3.2-thinking,沁园春,宗门夜思,25,0.3200,0.0071,0.6233,0.4444
448,qwen3.6-plus,清平乐,宗门夜思,8,0.3199,0.0071,0.5244,0.2000
578,glm-5,清平乐,宗门偶感,8,0.3199,0.0131,0.4996,0.2000
612,glm-5,清平乐,宗规感怀,8,0.3198,0.0284,0.4739,0.3077
513,qwen3.6-plus,菩萨蛮,仙枢夜望,8,0.3197,0.0111,0.5310,0.1667
215,deepseek-3.2-thinking,菩萨蛮,宗门夜思,8,0.3197,0.0204,0.5719,0.1429
238,deepseek-3.2-thinking,沁园春,仙规思变,25,0.3197,0.0049,0.7549,0.2500
115,doubao-seed-2.0-pro,菩萨蛮,云台夜坐有感,8,0.3197,0.0000,0.5198,0.0000
400,deepseek-3.2-thinking,祝英台近,宗规思变,16,0.3196,0.0235,0.6779,0.3333
591,glm-5,沁园春,宗门感怀,26,0.3196,0.0069,0.6264,0.3333
570,glm-5,清平乐,宗门感怀,8,0.3195,0.0120,0.4988,0.1818
262,deepseek-3.2-thinking,沁园春,规变吟,26,0.3194,0.0122,0.6955,0.5000
534,qwen3.6-plus,清平乐,剑阁春思,8,0.3190,0.0190,0.5451,0.2000
240,deepseek-3.2-thinking,菩萨蛮,宗门感怀,8,0.3189,0.0060,0.5909,0.1667
447,qwen3.6-plus,浪淘沙,山门夜思,10,0.3188,0.0000,0.5124,0.0000
451,qwen3.6-plus,菩萨蛮,宗门夜思,8,0.3187,0.0060,0.6124,0.1667
68,doubao-seed-2.0-pro,沁园春,宗门感事,25,0.3184,0.0035,0.5915,0.2222
212,deepseek-3.2-thinking,菩萨蛮,规变吟,8,0.3182,0.0131,0.4780,0.2000
412,qwen3.6-plus,祝英台近,云崖问剑,16,0.3181,0.0126,0.6030,0.2500
102,doubao-seed-2.0-pro,清平乐,夜坐凌霄阁感怀,8,0.3181,0.0071,0.5750,0.2000
550,qwen3.6-plus,沁园春,宗门旧规有感,25,0.3180,0.0036,0.6583,0.2857
213,deepseek-3.2-thinking,浪淘沙,宗规感怀,10,0.3179,0.0077,0.5373,0.1818
330,deepseek-3.2-thinking,清平乐,宗派沉吟,8,0.3179,0.0196,0.6780,0.2000
83,doubao-seed-2.0-pro,菩萨蛮,宗阁夜坐书怀,8,0.3178,0.0000,0.4798,0.0000
592,glm-5,祝英台近,宗门感怀,16,0.3178,0.0055,0.6156,0.3333
348,deepseek-3.2-thinking,浪淘沙,宗门吟,10,0.3176,0.0317,0.5471,0.2857
331,deepseek-3.2-thinking,祝英台近,宗门感怀,16,0.3174,0.0064,0.5348,0.2500
205,deepseek-3.2-thinking,沁园春,变革之思,25,0.3174,0.0045,0.6091,0.2500
252,deepseek-3.2-thinking,祝英台近,仙门规思,16,0.3173,0.0056,0.5751,0.2222
576,glm-5,沁园春,宗门夜感,18,0.3173,0.0000,0.5333,0.0000
501,qwen3.6-plus,清平乐,观规有感,8,0.3170,0.0000,0.4963,0.0000
587,glm-5,菩萨蛮,观徒有感,8,0.3170,0.0060,0.5703,0.1667
419,qwen3.6-plus,清平乐,宗门新议,8,0.3170,0.0060,0.5196,0.1667
233,deepseek-3.2-thinking,浪淘沙,宗门夜思,10,0.3169,0.0239,0.5276,0.2222
197,doubao-seed-2.0-pro,清平乐,宗阁夜思,8,0.3167,0.0060,0.5736,0.1667
80,doubao-seed-2.0-pro,祝英台近,宗台夜思,16,0.3167,0.0042,0.5175,0.2222
345,deepseek-3.2-thinking,沁园春,规改感怀,25,0.3166,0.0056,0.6814,0.2500
290,deepseek-3.2-thinking,清平乐,宗门感怀,8,0.3166,0.0124,0.5683,0.1818
147,doubao-seed-2.0-pro,清平乐,宗门夜坐抒怀,8,0.3165,0.0000,0.5189,0.0000
435,qwen3.6-plus,菩萨蛮,剑阁春思,8,0.3164,0.0119,0.5874,0.1667
562,glm-5,浪淘沙,宗门夜叹,10,0.3162,0.0122,0.5933,0.2000
467,qwen3.6-plus,祝英台近,云崖阁新规议,16,0.3161,0.0086,0.5528,0.2500
349,deepseek-3.2-thinking,祝英台近,规变思,16,0.3161,0.0139,0.6557,0.2857
329,deepseek-3.2-thinking,菩萨蛮,仙规叹,8,0.3160,0.0131,0.6226,0.2000
14,doubao-seed-2.0-pro,祝英台近,云阁夜坐有感,16,0.3160,0.0037,0.5228,0.1667
2,doubao-seed-2.0-pro,沁园春,宗门感怀,25,0.3159,0.0022,0.5691,0.2500
321,deepseek-3.2-thinking,菩萨蛮,宗规叹,8,0.3159,0.0202,0.5187,0.2000
518,qwen3.6-plus,清平乐,玄阶夜思,8,0.3159,0.0161,0.4881,0.3077
548,qwen3.6-plus,祝英台近,宗门夜思,16,0.3157,0.0089,0.5690,0.3636
495,qwen3.6-plus,菩萨蛮,夜观剑阁有感,8,0.3157,0.0119,0.4642,0.1667
325,deepseek-3.2-thinking,沁园春,宗规感怀,25,0.3155,0.0069,0.5863,0.2857
104,doubao-seed-2.0-pro,祝英台近,凌霄阁夜坐有感,16,0.3154,0.0074,0.5308,0.2222
162,doubao-seed-2.0-pro,祝英台近,宗门夜坐感怀,16,0.3153,0.0126,0.5395,0.2500
466,qwen3.6-plus,清平乐,玄枢阁夜思,8,0.3153,0.0060,0.5118,0.1667
167,doubao-seed-2.0-pro,清平乐,宗门夜坐抒怀,8,0.3152,0.0136,0.5125,0.2000
338,deepseek-3.2-thinking,浪淘沙,宗门思变,10,0.3150,0.0180,0.6905,0.3333
130,doubao-seed-2.0-pro,沁园春,凌霄阁夜坐有感,25,0.3149,0.0071,0.6172,0.2500
595,glm-5,浪淘沙,宗门夜感,10,0.3149,0.0049,0.5899,0.2222
232,deepseek-3.2-thinking,浪淘沙,宗门感怀,10,0.3148,0.0040,0.5614,0.1818
46,doubao-seed-2.0-pro,浪淘沙,宗门夜坐有感,10,0.3146,0.0081,0.5243,0.1818
120,doubao-seed-2.0-pro,祝英台近,宗门夜坐感怀,16,0.3146,0.0010,0.5843,0.1250
440,qwen3.6-plus,菩萨蛮,宗门夜思,8,0.3146,0.0119,0.5642,0.1667
223,deepseek-3.2-thinking,清平乐,宗门思变,8,0.3145,0.0189,0.5015,0.1818
134,doubao-seed-2.0-pro,沁园春,登凌霄阁有感,26,0.3145,0.0043,0.6751,0.2500
29,doubao-seed-2.0-pro,祝英台近,宗门感怀,17,0.3145,0.0026,0.5798,0.2222
404,qwen3.6-plus,浪淘沙,剑阁秋思,9,0.3144,0.0119,0.5278,0.1429
100,doubao-seed-2.0-pro,清平乐,宗门夜坐有感,8,0.3144,0.0000,0.4781,0.0000
387,deepseek-3.2-thinking,祝英台近,宗门夜思,16,0.3143,0.0125,0.5388,0.3333
618,glm-5,祝英台近,宗门旧制感怀,16,0.3143,0.0044,0.6262,0.2222
141,doubao-seed-2.0-pro,菩萨蛮,宗门夜坐感怀,8,0.3143,0.0000,0.4568,0.0000
416,qwen3.6-plus,浪淘沙,宗门规诫有感,8,0.3142,0.0071,0.5763,0.2000
34,doubao-seed-2.0-pro,浪淘沙,夜坐宗阁有感,10,0.3142,0.0000,0.4468,0.0000
132,doubao-seed-2.0-pro,浪淘沙,云阁夜思,10,0.3137,0.0063,0.5344,0.2857
43,doubao-seed-2.0-pro,沁园春,宗门感怀,25,0.3137,0.0047,0.7439,0.3333
180,doubao-seed-2.0-pro,清平乐,宗门夜坐感怀,8,0.3137,0.0000,0.5024,0.0000
86,doubao-seed-2.0-pro,沁园春,玄峰议事后感,25,0.3137,0.0045,0.7025,0.2500
332,deepseek-3.2-thinking,祝英台近,宗门感怀,16,0.3136,0.0178,0.5913,0.2500
319,deepseek-3.2-thinking,清平乐,宗规沉吟,8,0.3136,0.0186,0.4736,0.2000
206,deepseek-3.2-thinking,沁园春,宗门感怀,25,0.3135,0.0049,0.6334,0.2500
624,glm-5,祝英台近,宗门夜感,16,0.3130,0.0059,0.5490,0.2500
89,doubao-seed-2.0-pro,沁园春,玄峰夜坐抒怀,25,0.3130,0.0047,0.6209,0.2500
342,deepseek-3.2-thinking,祝英台近,宗规思变,16,0.3127,0.0101,0.6168,0.2222
149,doubao-seed-2.0-pro,沁园春,宗门感事,25,0.3127,0.0009,0.6152,0.1538
600,glm-5,清平乐,宗门偶感,8,0.3126,0.0114,0.4488,0.1667
101,doubao-seed-2.0-pro,沁园春,登云阁望剑坪有感,25,0.3125,0.0088,0.6026,0.2500
537,qwen3.6-plus,祝英台近,宗门感怀,18,0.3124,0.0185,0.7315,0.3333
357,deepseek-3.2-thinking,沁园春,宗规有感,25,0.3123,0.0147,0.6507,0.2500
47,doubao-seed-2.0-pro,浪淘沙,云坛观弟子演法有怀,10,0.3123,0.0081,0.4840,0.1818
454,qwen3.6-plus,清平乐,道枢偶感,8,0.3122,0.0055,0.4422,0.1538
242,deepseek-3.2-thinking,浪淘沙,宗门感事,10,0.3120,0.0069,0.5191,0.1667
56,doubao-seed-2.0-pro,清平乐,宗门夜坐感怀,8,0.3120,0.0055,0.4945,0.1538
382,deepseek-3.2-thinking,沁园春,宗规感怀,25,0.3117,0.0038,0.6588,0.2500
590,glm-5,菩萨蛮,宗门改革自嘲,8,0.3117,0.0000,0.4879,0.0000
163,doubao-seed-2.0-pro,祝英台近,宗门感怀,16,0.3114,0.0041,0.5710,0.2000
178,doubao-seed-2.0-pro,沁园春,宗门抒怀,24,0.3112,0.0048,0.6861,0.2500
622,glm-5,祝英台近,宗门旧制,21,0.3111,0.0078,0.5892,0.2222
574,glm-5,浪淘沙,宗门旧规感怀,10,0.3109,0.0113,0.5262,0.1818
250,deepseek-3.2-thinking,祝英台近,宗门规革思,16,0.3108,0.0118,0.7524,0.5714
230,deepseek-3.2-thinking,祝英台近,宗规怨,20,0.3108,0.0052,0.5434,0.2857
395,deepseek-3.2-thinking,菩萨蛮,宗门变革吟,8,0.3107,0.0131,0.5691,0.2000
90,doubao-seed-2.0-pro,祝英台近,云阁夜坐感事,16,0.3107,0.0046,0.5423,0.2222
28,doubao-seed-2.0-pro,沁园春,玄宗夜坐书怀,25,0.3106,0.0015,0.5798,0.2222
272,deepseek-3.2-thinking,沁园春,规革沉吟,25,0.3104,0.0035,0.6074,0.2500
510,qwen3.6-plus,浪淘沙,观阁问规,10,0.3104,0.0032,0.5454,0.1429
475,qwen3.6-plus,祝英台近,剑阁秋思,8,0.3104,0.0060,0.6272,0.1667
45,doubao-seed-2.0-pro,沁园春,演武台述怀,25,0.3101,0.0037,0.6684,0.2500
55,doubao-seed-2.0-pro,沁园春,宗门夜坐感事,25,0.3099,0.0112,0.6724,0.4000
309,deepseek-3.2-thinking,祝英台近,宗规感怀,16,0.3099,0.0066,0.7585,0.2857
187,doubao-seed-2.0-pro,菩萨蛮,夜坐凌霄阁感宗门事,8,0.3098,0.0060,0.5499,0.1667
175,doubao-seed-2.0-pro,沁园春,凌霄峰感事,25,0.3098,0.0073,0.6412,0.2857
439,qwen3.6-plus,浪淘沙,观规有感,10,0.3098,0.0000,0.4339,0.0000
112,doubao-seed-2.0-pro,沁园春,登望云峰有感,25,0.3097,0.0034,0.6900,0.2857
283,deepseek-3.2-thinking,沁园春,宗派感怀,25,0.3097,0.0067,0.7672,0.6667
182,doubao-seed-2.0-pro,菩萨蛮,宗门夜坐感怀,8,0.3095,0.0071,0.4629,0.2000
392,deepseek-3.2-thinking,沁园春,宗规感怀,25,0.3093,0.0065,0.6015,0.2857
463,qwen3.6-plus,清平乐,宗门夜望,8,0.3092,0.0051,0.4933,0.1429
191,doubao-seed-2.0-pro,沁园春,宗门议规有感,25,0.3092,0.0028,0.6904,0.2500
173,doubao-seed-2.0-pro,菩萨蛮,宗台夜怀,8,0.3090,0.0000,0.4844,0.0000
533,qwen3.6-plus,清平乐,云崖观阵有感,8,0.3090,0.0179,0.4679,0.1818
299,deepseek-3.2-thinking,浪淘沙,宗门感怀,10,0.3090,0.0246,0.5312,0.2500
361,deepseek-3.2-thinking,浪淘沙,宗门抒怀,10,0.3087,0.0209,0.5447,0.2500
217,deepseek-3.2-thinking,清平乐,宗门夜思,8,0.3087,0.0196,0.5825,0.2000
154,doubao-seed-2.0-pro,清平乐,凌霄阁夜坐有感,8,0.3087,0.0000,0.4798,0.0000
497,qwen3.6-plus,清平乐,夜望宗门,8,0.3085,0.0000,0.4554,0.0000
12,doubao-seed-2.0-pro,浪淘沙,宗门感事,10,0.3085,0.0037,0.5534,0.1667
138,doubao-seed-2.0-pro,沁园春,宗阁有所思,24,0.3085,0.0044,0.5968,0.2500
479,qwen3.6-plus,沁园春,云崖问道,25,0.3084,0.0036,0.5592,0.2857
494,qwen3.6-plus,清平乐,宗门书怀,8,0.3083,0.0071,0.5407,0.2000
314,deepseek-3.2-thinking,清平乐,规变吟,8,0.3083,0.0000,0.4757,0.0000
52,doubao-seed-2.0-pro,祝英台近,玄峰阁晚望有感,16,0.3083,0.0026,0.5866,0.1818
91,doubao-seed-2.0-pro,沁园春,宗门感怀,25,0.3082,0.0043,0.6242,0.2500
626,gemini-3.1-pro,菩萨蛮,夜登青云峰叹宗规,8,0.3082,0.0060,0.4666,0.1667
172,doubao-seed-2.0-pro,菩萨蛮,夜阅宗门律有感,8,0.3081,0.0060,0.4843,0.1667
62,doubao-seed-2.0-pro,沁园春,凌霄宗感事,25,0.3081,0.0054,0.6830,0.2857
235,deepseek-3.2-thinking,浪淘沙,规变吟,10,0.3077,0.0144,0.4865,0.1818
610,glm-5,菩萨蛮,宗门夜坐感旧章,8,0.3076,0.0119,0.4581,0.1667
583,glm-5,菩萨蛮,宗门旧制感怀,8,0.3074,0.0119,0.4687,0.1667
20,doubao-seed-2.0-pro,沁园春,宗阁夜望有感,25,0.3073,0.0022,0.6305,0.2500
268,deepseek-3.2-thinking,清平乐,规锁吟,8,0.3072,0.0230,0.5517,0.3077
81,doubao-seed-2.0-pro,清平乐,宗门夜坐抒怀,8,0.3072,0.0055,0.5852,0.1538
372,deepseek-3.2-thinking,祝英台近,宗规思变,16,0.3071,0.0086,0.5766,0.3636
444,qwen3.6-plus,浪淘沙,宗门夜叹,10,0.3070,0.0032,0.5163,0.1429
569,glm-5,清平乐,宗门述怀,8,0.3070,0.0060,0.4541,0.1667
199,doubao-seed-2.0-pro,浪淘沙,宗门议事夜归抒怀,10,0.3069,0.0000,0.5044,0.0000
476,qwen3.6-plus,浪淘沙,剑阁观规有感,11,0.3065,0.0030,0.5330,0.1667
128,doubao-seed-2.0-pro,浪淘沙,宗门夜坐感怀,10,0.3064,0.0077,0.5035,0.1818
259,deepseek-3.2-thinking,祝英台近,宗门思变,16,0.3064,0.0163,0.5779,0.2500
185,doubao-seed-2.0-pro,菩萨蛮,阁夜抒怀,8,0.3064,0.0000,0.5731,0.0000
365,deepseek-3.2-thinking,菩萨蛮,宗门感怀,8,0.3063,0.0111,0.5120,0.1667
360,deepseek-3.2-thinking,菩萨蛮,宗派沉吟,8,0.3063,0.0182,0.4484,0.2000
21,doubao-seed-2.0-pro,沁园春,玄门感怀,25,0.3062,0.0051,0.6253,0.2500
336,deepseek-3.2-thinking,浪淘沙,宗门夜思,10,0.3062,0.0000,0.5079,0.0000
560,qwen3.6-plus,清平乐,宗门书怀,8,0.3062,0.0060,0.5602,0.1667
352,deepseek-3.2-thinking,菩萨蛮,宗规叹,8,0.3061,0.0119,0.5407,0.1667
305,deepseek-3.2-thinking,沁园春,宗派抒怀,25,0.3061,0.0074,0.6303,0.2500
322,deepseek-3.2-thinking,浪淘沙,宗门感怀,10,0.3058,0.0104,0.4581,0.1818
621,glm-5,清平乐,宗门变革感怀,8,0.3057,0.0000,0.4246,0.0000
470,qwen3.6-plus,清平乐,剑阁春深,8,0.3057,0.0060,0.4711,0.1667
186,doubao-seed-2.0-pro,沁园春,凌霄阁夜坐抒怀,25,0.3056,0.0039,0.6386,0.2500
315,deepseek-3.2-thinking,祝英台近,规锁吟,16,0.3056,0.0042,0.5767,0.2000
403,qwen3.6-plus,清平乐,云门问剑,8,0.3054,0.0000,0.5067,0.0000
328,deepseek-3.2-thinking,菩萨蛮,宗门感怀,8,0.3052,0.0060,0.4876,0.1667
4,doubao-seed-2.0-pro,浪淘沙,观门下演武有感,10,0.3050,0.0081,0.4966,0.2000
273,deepseek-3.2-thinking,沁园春,宗变思,25,0.3050,0.0079,0.7103,0.2500
334,deepseek-3.2-thinking,菩萨蛮,仙门感怀,8,0.3047,0.0274,0.5449,0.4000
343,deepseek-3.2-thinking,清平乐,宗规思变,8,0.3047,0.0065,0.4444,0.1818
267,deepseek-3.2-thinking,浪淘沙,宗规感怀,10,0.3046,0.0096,0.5100,0.2500
465,qwen3.6-plus,清平乐,玄门夜思,8,0.3046,0.0065,0.6002,0.1818
414,qwen3.6-plus,菩萨蛮,剑阁秋思,8,0.3045,0.0102,0.5164,0.1429
51,doubao-seed-2.0-pro,菩萨蛮,云堂夜坐,8,0.3040,0.0071,0.4764,0.2000
340,deepseek-3.2-thinking,浪淘沙,宗规感怀,10,0.3040,0.0199,0.5580,0.2222
489,qwen3.6-plus,菩萨蛮,剑阁秋思,8,0.3039,0.0051,0.5572,0.1429
339,deepseek-3.2-thinking,菩萨蛮,宗门感怀,8,0.3039,0.0182,0.5888,0.2000
153,doubao-seed-2.0-pro,浪淘沙,云阁夜思,10,0.3039,0.0096,0.5240,0.2500
152,doubao-seed-2.0-pro,清平乐,宗阁夜坐抒怀,8,0.3039,0.0060,0.3997,0.1667
106,doubao-seed-2.0-pro,清平乐,宗门感怀,8,0.3037,0.0065,0.4681,0.1818
341,deepseek-3.2-thinking,清平乐,宗门忧思,8,0.3037,0.0191,0.4929,0.2000
433,qwen3.6-plus,菩萨蛮,玄门春怨,8,0.3037,0.0102,0.4900,0.1429
371,deepseek-3.2-thinking,沁园春,宗规感怀,25,0.3036,0.0109,0.6584,0.3636
190,doubao-seed-2.0-pro,菩萨蛮,凌霄阁夜思,8,0.3036,0.0000,0.4226,0.0000
195,doubao-seed-2.0-pro,祝英台近,仙阁抒怀,16,0.3034,0.0059,0.7158,0.4000
427,qwen3.6-plus,浪淘沙,云崖戒律吟,8,0.3033,0.0071,0.5065,0.2000
277,deepseek-3.2-thinking,浪淘沙,规变吟,10,0.3033,0.0153,0.5340,0.1818
65,doubao-seed-2.0-pro,沁园春,云阁夜思,25,0.3032,0.0045,0.6249,0.2857
245,deepseek-3.2-thinking,菩萨蛮,宗规思变,8,0.3031,0.0202,0.7014,0.4000
597,glm-5,祝英台近,宗门旧制,16,0.3030,0.0044,0.6206,0.2500
183,doubao-seed-2.0-pro,菩萨蛮,宵立宗门有感,8,0.3030,0.0262,0.5854,0.2000
105,doubao-seed-2.0-pro,菩萨蛮,夜立云台有感,8,0.3026,0.0000,0.4520,0.0000
75,doubao-seed-2.0-pro,浪淘沙,云阁晚眺抒怀,10,0.3025,0.0069,0.5178,0.1667
181,doubao-seed-2.0-pro,浪淘沙,夜坐宗门殿有感,10,0.3025,0.0040,0.4742,0.1818
189,doubao-seed-2.0-pro,浪淘沙,云阁夜坐感事,10,0.3024,0.0128,0.5545,0.2500
581,glm-5,浪淘沙,宗门偶感,10,0.3024,0.0000,0.4640,0.0000
196,doubao-seed-2.0-pro,祝英台近,宗阁夜望感怀,16,0.3023,0.0055,0.6316,0.2857
37,doubao-seed-2.0-pro,浪淘沙,云阁夜坐抒怀,10,0.3023,0.0074,0.5092,0.1667
125,doubao-seed-2.0-pro,祝英台近,宗门夜坐感事,16,0.3019,0.0026,0.5719,0.1818
127,doubao-seed-2.0-pro,祝英台近,宗门感怀,16,0.3018,0.0051,0.6522,0.1818
565,glm-5,祝英台近,宗门变革感怀,16,0.3016,0.0083,0.6590,0.4000
564,glm-5,浪淘沙,宗门感怀,10,0.3014,0.0000,0.5324,0.0000
306,deepseek-3.2-thinking,菩萨蛮,宗规思变,8,0.3011,0.0190,0.6221,0.2000
177,doubao-seed-2.0-pro,清平乐,宗门夜坐感怀,8,0.3011,0.0131,0.5455,0.2000
473,qwen3.6-plus,浪淘沙,剑阁秋思,10,0.3008,0.0032,0.4912,0.1429
588,glm-5,菩萨蛮,宗规,8,0.3007,0.0250,0.6220,0.2000
596,glm-5,浪淘沙,规矩之叹,10,0.3006,0.0063,0.4763,0.1429
500,qwen3.6-plus,清平乐,宗门新思,8,0.3006,0.0131,0.4634,0.2000
355,deepseek-3.2-thinking,清平乐,宗门感事,8,0.3004,0.0131,0.5240,0.2000
17,doubao-seed-2.0-pro,祝英台近,宗门夜坐书怀,16,0.3003,0.0076,0.5837,0.2500
36,doubao-seed-2.0-pro,浪淘沙,云台夜思,10,0.3000,0.0136,0.5108,0.2500
201,deepseek-3.2-thinking,浪淘沙,宗门感怀,10,0.3000,0.0077,0.4688,0.1818
157,doubao-seed-2.0-pro,浪淘沙,宗门夜坐感怀,10,0.2997,0.0000,0.4607,0.0000
602,glm-5,祝英台近,宗规,16,0.2995,0.0025,0.5557,0.1667
285,deepseek-3.2-thinking,清平乐,宗门思变,8,0.2994,0.0065,0.5620,0.1818
418,qwen3.6-plus,清平乐,门规叹,8,0.2994,0.0000,0.4383,0.0000
327,deepseek-3.2-thinking,沁园春,宗门思变,25,0.2992,0.0105,0.6399,0.4000
155,doubao-seed-2.0-pro,菩萨蛮,玄峰观事有感,8,0.2992,0.0000,0.4935,0.0000
202,deepseek-3.2-thinking,浪淘沙,宗门抒怀,10,0.2991,0.0040,0.5074,0.1818
231,deepseek-3.2-thinking,清平乐,宗门夜思,8,0.2991,0.0065,0.4893,0.1818
383,deepseek-3.2-thinking,沁园春,仙门思变,23,0.2989,0.0088,0.5407,0.2500
384,deepseek-3.2-thinking,清平乐,宗门夜思,8,0.2988,0.0189,0.5707,0.1818
204,deepseek-3.2-thinking,菩萨蛮,宗门思变,8,0.2987,0.0071,0.4512,0.2000
430,qwen3.6-plus,浪淘沙,云崖规诫叹,10,0.2984,0.0032,0.5490,0.1429
5,doubao-seed-2.0-pro,清平乐,宗门夜坐感怀,8,0.2983,0.0000,0.5064,0.0000
50,doubao-seed-2.0-pro,清平乐,夜坐凌霄阁有感,8,0.2981,0.0000,0.4608,0.0000
580,glm-5,菩萨蛮,宗门述怀,8,0.2980,0.0119,0.4489,0.1667
107,doubao-seed-2.0-pro,菩萨蛮,夜坐云坛有感,8,0.2979,0.0071,0.4454,0.2000
166,doubao-seed-2.0-pro,清平乐,夜坐宗堂有感,8,0.2978,0.0055,0.4333,0.1538
561,qwen3.6-plus,沁园春,宗门夜思,25,0.2975,0.0032,0.8215,0.2500
131,doubao-seed-2.0-pro,祝英台近,宗阁感怀,16,0.2974,0.0026,0.6477,0.1818
298,deepseek-3.2-thinking,祝英台近,规训吟,16,0.2972,0.0063,0.6484,0.2222
40,doubao-seed-2.0-pro,菩萨蛮,凌霄阁夜坐有感,8,0.2971,0.0131,0.5818,0.2000
559,qwen3.6-plus,菩萨蛮,青崖长老书怀,8,0.2970,0.0000,0.5033,0.0000
6,doubao-seed-2.0-pro,菩萨蛮,云阁夜怀,8,0.2969,0.0143,0.4628,0.2000
26,doubao-seed-2.0-pro,祝英台近,云阁夜坐有感,16,0.2968,0.0026,0.5318,0.1818
502,qwen3.6-plus,浪淘沙,宗门规叹,10,0.2968,0.0000,0.5256,0.0000
324,deepseek-3.2-thinking,沁园春,宗规感怀,25,0.2967,0.0057,0.6146,0.2857
203,deepseek-3.2-thinking,菩萨蛮,规训感怀,8,0.2961,0.0131,0.5443,0.2000
148,doubao-seed-2.0-pro,浪淘沙,宗门夜坐感怀,10,0.2959,0.0096,0.5026,0.2500
184,doubao-seed-2.0-pro,沁园春,宗门夜坐感怀,25,0.2959,0.0027,0.6263,0.2500
74,doubao-seed-2.0-pro,菩萨蛮,凌霄台夜思,8,0.2955,0.0060,0.5222,0.1667
3,doubao-seed-2.0-pro,清平乐,玄峰观规有感,8,0.2954,0.0060,0.4859,0.1667
287,deepseek-3.2-thinking,祝英台近,规变吟,16,0.2953,0.0010,0.5299,0.1250
176,doubao-seed-2.0-pro,菩萨蛮,宗门夜坐感怀,8,0.2950,0.0000,0.4498,0.0000
313,deepseek-3.2-thinking,菩萨蛮,规缚感怀,8,0.2949,0.0190,0.5531,0.2000
483,qwen3.6-plus,菩萨蛮,云崖戒律,8,0.2948,0.0071,0.5432,0.2000
126,doubao-seed-2.0-pro,浪淘沙,凌霄阁夜坐有感,10,0.2946,0.0144,0.4866,0.1818
118,doubao-seed-2.0-pro,菩萨蛮,宗门夜思,8,0.2943,0.0131,0.5576,0.2000
617,glm-5,菩萨蛮,宗门夜思,8,0.2943,0.0000,0.4620,0.0000
586,glm-5,菩萨蛮,宗门感怀,8,0.2943,0.0000,0.4613,0.0000
209,deepseek-3.2-thinking,浪淘沙,仙宗感怀,10,0.2943,0.0037,0.6367,0.1667
160,doubao-seed-2.0-pro,菩萨蛮,宗门夜坐抒怀,8,0.2938,0.0051,0.5041,0.1429
13,doubao-seed-2.0-pro,清平乐,云台有感,8,0.2935,0.0184,0.5484,0.1818
77,doubao-seed-2.0-pro,菩萨蛮,夜坐宗门思改制有感,8,0.2934,0.0000,0.4542,0.0000
92,doubao-seed-2.0-pro,浪淘沙,宗门夜怀,10,0.2934,0.0032,0.4582,0.1429
156,doubao-seed-2.0-pro,浪淘沙,云阁晚眺有感,10,0.2932,0.0075,0.4373,0.1818
113,doubao-seed-2.0-pro,浪淘沙,宗门夜望感怀,10,0.2932,0.0049,0.5101,0.2222
117,doubao-seed-2.0-pro,清平乐,宗门夜坐书怀,8,0.2930,0.0000,0.4198,0.0000
30,doubao-seed-2.0-pro,菩萨蛮,夜坐云台有感,8,0.2929,0.0060,0.4895,0.1667
408,qwen3.6-plus,菩萨蛮,云崖问剑,8,0.2929,0.0060,0.4965,0.1667
39,doubao-seed-2.0-pro,菩萨蛮,松台夜思,8,0.2927,0.0000,0.4811,0.0000
611,glm-5,祝英台近,宗规叹,14,0.2927,0.0014,0.4696,0.1250
64,doubao-seed-2.0-pro,浪淘沙,宗门感怀,10,0.2925,0.0000,0.4495,0.0000
402,qwen3.6-plus,祝英台近,剑阁秋思,15,0.2924,0.0047,0.5682,0.2500
460,qwen3.6-plus,菩萨蛮,宗规夜叹,8,0.2923,0.0000,0.4773,0.0000
442,qwen3.6-plus,菩萨蛮,宗门夜思,8,0.2923,0.0000,0.4401,0.0000
284,deepseek-3.2-thinking,沁园春,宗门沉吟,25,0.2922,0.0106,0.6166,0.5000
8,doubao-seed-2.0-pro,菩萨蛮,云崖夜坐有感,8,0.2919,0.0000,0.5577,0.0000
266,deepseek-3.2-thinking,清平乐,感怀宗规,8,0.2916,0.0000,0.5364,0.0000
84,doubao-seed-2.0-pro,浪淘沙,夜望宗门演武台有作,10,0.2916,0.0032,0.5532,0.1429
24,doubao-seed-2.0-pro,清平乐,宗门感怀,8,0.2903,0.0000,0.4345,0.0000
603,glm-5,菩萨蛮,宗门旧制感怀,8,0.2900,0.0060,0.5410,0.1667
58,doubao-seed-2.0-pro,清平乐,宗门夜坐感怀,8,0.2900,0.0000,0.4305,0.0000
254,deepseek-3.2-thinking,浪淘沙,宗规感怀,10,0.2900,0.0056,0.5460,0.2500
393,deepseek-3.2-thinking,祝英台近,宗规思变,16,0.2900,0.0150,0.5960,0.2000
269,deepseek-3.2-thinking,清平乐,宗派感怀,8,0.2900,0.0065,0.4766,0.1818
133,doubao-seed-2.0-pro,清平乐,宗门感事,8,0.2899,0.0055,0.4722,0.1538
228,deepseek-3.2-thinking,清平乐,改革之惑,8,0.2896,0.0198,0.5056,0.2000
54,doubao-seed-2.0-pro,清平乐,宗门偶感,8,0.2892,0.0000,0.4258,0.0000
623,glm-5,沁园春,宗门改制有感,25,0.2888,0.0057,0.6866,0.2857
1,doubao-seed-2.0-pro,沁园春,宗门感事,25,0.2877,0.0022,0.6601,0.3333
558,qwen3.6-plus,浪淘沙,观门规有感,10,0.2876,0.0069,0.4539,0.1667
297,deepseek-3.2-thinking,清平乐,规变抒怀,8,0.2874,0.0469,0.5135,0.6000
116,doubao-seed-2.0-pro,浪淘沙,云阁夜思,10,0.2873,0.0032,0.5006,0.1429
577,glm-5,清平乐,宗门偶感,8,0.2870,0.0065,0.4761,0.1818
82,doubao-seed-2.0-pro,浪淘沙,松寮夜坐抒怀,10,0.2870,0.0037,0.5724,0.1667
508,qwen3.6-plus,菩萨蛮,玄规叹,8,0.2869,0.0000,0.5323,0.0000
256,deepseek-3.2-thinking,菩萨蛮,规锁吟,8,0.2867,0.0253,0.5127,0.2000
151,doubao-seed-2.0-pro,浪淘沙,云台夜望有感,10,0.2867,0.0000,0.5270,0.0000
251,deepseek-3.2-thinking,清平乐,宗门感事,8,0.2864,0.0071,0.5325,0.2000
158,doubao-seed-2.0-pro,清平乐,宗门夜坐抒怀,8,0.2864,0.0000,0.4544,0.0000
589,glm-5,浪淘沙,宗门感怀,10,0.2861,0.0000,0.5021,0.0000
354,deepseek-3.2-thinking,浪淘沙,规锁沉吟,10,0.2861,0.0146,0.4954,0.1818
614,glm-5,浪淘沙,宗规,10,0.2854,0.0086,0.5859,0.2222
146,doubao-seed-2.0-pro,清平乐,夜眺宗门感作,8,0.2851,0.0000,0.4184,0.0000
114,doubao-seed-2.0-pro,菩萨蛮,门中感怀,8,0.2847,0.0000,0.5338,0.0000
96,doubao-seed-2.0-pro,菩萨蛮,宗门夜坐抒怀,8,0.2843,0.0143,0.4725,0.2000
615,glm-5,菩萨蛮,宗门独倚,8,0.2836,0.0000,0.4448,0.0000
572,glm-5,祝英台近,宗门感怀,16,0.2832,0.0034,0.4928,0.1429
605,glm-5,清平乐,宗门夜思,8,0.2832,0.0065,0.5275,0.1818
33,doubao-seed-2.0-pro,浪淘沙,宗门夜坐感怀,10,0.2829,0.0000,0.4828,0.0000
296,deepseek-3.2-thinking,清平乐,宗规感怀,8,0.2827,0.0065,0.4343,0.1818
144,doubao-seed-2.0-pro,菩萨蛮,宗门夜思,8,0.2824,0.0060,0.4966,0.1667
320,deepseek-3.2-thinking,浪淘沙,宗规思,10,0.2809,0.0199,0.5707,0.1818
446,qwen3.6-plus,清平乐,宗门夜思,8,0.2794,0.0000,0.5381,0.0000
119,doubao-seed-2.0-pro,菩萨蛮,宗门夜坐有感,8,0.2793,0.0000,0.4288,0.0000
220,deepseek-3.2-thinking,清平乐,宗门思变,8,0.2791,0.0000,0.4380,0.0000
23,doubao-seed-2.0-pro,菩萨蛮,玄都阁夜坐抒怀,8,0.2785,0.0000,0.4349,0.0000
192,doubao-seed-2.0-pro,祝英台近,宗门夜望有感,16,0.2784,0.0031,0.5133,0.2500
594,glm-5,浪淘沙,宗门旧制感怀,10,0.2782,0.0032,0.4863,0.1429
221,deepseek-3.2-thinking,清平乐,宗门感怀,8,0.2782,0.0065,0.5506,0.1818
362,deepseek-3.2-thinking,清平乐,宗门感事,8,0.2781,0.0060,0.4571,0.1667
619,glm-5,清平乐,宗门思变,8,0.2774,0.0000,0.4058,0.0000
22,doubao-seed-2.0-pro,菩萨蛮,宗门夜坐抒怀,8,0.2770,0.0000,0.4408,0.0000
111,doubao-seed-2.0-pro,浪淘沙,夜坐凌霄阁感宗门事,10,0.2762,0.0037,0.5306,0.1667
165,doubao-seed-2.0-pro,菩萨蛮,宗门夜坐抒怀,8,0.2759,0.0071,0.4228,0.2000
170,doubao-seed-2.0-pro,浪淘沙,宗门夜望有感,10,0.2755,0.0096,0.5046,0.2500
271,deepseek-3.2-thinking,清平乐,规改吟,8,0.2751,0.0126,0.5878,0.2000
76,doubao-seed-2.0-pro,菩萨蛮,宗门夜坐有怀,8,0.2742,0.0000,0.4678,0.0000
49,doubao-seed-2.0-pro,清平乐,观门下弟子演法作,8,0.2724,0.0000,0.4901,0.0000
295,deepseek-3.2-thinking,浪淘沙,宗门感怀,10,0.2709,0.0122,0.5611,0.2222
53,doubao-seed-2.0-pro,菩萨蛮,宗门夜坐感怀,8,0.2708,0.0000,0.4686,0.0000
567,glm-5,清平乐,宗门述怀,8,0.2699,0.0000,0.4135,0.0000
129,doubao-seed-2.0-pro,菩萨蛮,夜立玄阶有感,8,0.2694,0.0000,0.4452,0.0000
385,deepseek-3.2-thinking,菩萨蛮,规变沉吟,8,0.2693,0.0190,0.4462,0.2000
97,doubao-seed-2.0-pro,清平乐,宗门感怀,8,0.2692,0.0000,0.3537,0.0000
61,doubao-seed-2.0-pro,浪淘沙,宗门夜坐感怀,10,0.2676,0.0136,0.5961,0.2500
373,deepseek-3.2-thinking,菩萨蛮,宗门感怀,8,0.2676,0.0111,0.5404,0.1667
229,deepseek-3.2-thinking,清平乐,宗门夜思,8,0.2675,0.0119,0.6461,0.3333
19,doubao-seed-2.0-pro,浪淘沙,宗门夜坐有感,10,0.2661,0.0101,0.4548,0.1667
15,doubao-seed-2.0-pro,清平乐,云阁夜望抒怀,8,0.2655,0.0065,0.4175,0.1818
44,doubao-seed-2.0-pro,清平乐,宗中夜坐有怀,8,0.2649,0.0055,0.4957,0.1538
108,doubao-seed-2.0-pro,菩萨蛮,云阙夜坐感事,8,0.2642,0.0071,0.5064,0.2000
208,deepseek-3.2-thinking,祝英台近,宗门感怀,16,0.2626,0.0027,0.6121,0.2000
99,doubao-seed-2.0-pro,菩萨蛮,宗门夜坐抒怀,8,0.2604,0.0060,0.6484,0.1667
66,doubao-seed-2.0-pro,浪淘沙,夜望宗门有感,10,0.2526,0.0000,0.4655,0.0000
