db,db_label,prompt_type,model,category,category_poem_count,category_ratio_in_model,imagery_covered_poems,imagery_coverage,total_imagery_tokens,distinct_imagery_count,avg_imagery_per_poem,imagery_entropy,imagery_hhi,top10_imagery_ratio,top5_imageries,signature_top5_imageries,top1_signature_imagery,top1_signature_lift
a1,无限制生成,type_c,deepseek-3.2-thinking,咏物寄托,13,0.260000,13,1.000000,109,69,8.384615,5.642999,0.030721,0.440367,代码:10|数据:8|算法:7|键盘:6|星河:4,屏幕:3.85x|古韵:3.85x|夜色:3.85x|幻影:3.85x|一点红:3.85x,屏幕,3.846154
a1,无限制生成,type_c,deepseek-3.2-thinking,山水田园,3,0.060000,3,1.000000,31,31,10.333333,4.954196,0.032258,0.322581,碧水:1|轻舟:1|青山:1|远黛:1|渔歌:1,余晖:16.67x|凉雨:16.67x|市声:16.67x|平湖:16.67x|广厦:16.67x,余晖,16.666667
a1,无限制生成,type_c,deepseek-3.2-thinking,怀古咏史,2,0.040000,2,1.000000,18,18,9.000000,4.169925,0.055556,0.555556,落月:1|稀星:1|轻风:1|冷露:1|空庭:1,仙槎:25.00x|冷露:25.00x|危楼:25.00x|星霰:25.00x|暮云:25.00x,仙槎,25.000000
a1,无限制生成,type_c,deepseek-3.2-thinking,悼亡相思,9,0.180000,9,1.000000,88,78,9.777778,6.192275,0.015238,0.227273,代码:4|数据:3|星空:3|细雨:2|算法:2,东君:5.56x|云山:5.56x|云涛:5.56x|光流:5.56x|危栏:5.56x,东君,5.555556
a1,无限制生成,type_c,deepseek-3.2-thinking,春怨秋悲,3,0.060000,3,1.000000,27,26,9.000000,4.680813,0.039781,0.407407,斜阳:2|夜雨:1|窗牖:1|更漏:1|灯花:1,斜阳:16.67x|书房:16.67x|墨痕:16.67x|寒蝉:16.67x|晨曦:16.67x,斜阳,16.666667
a1,无限制生成,type_c,deepseek-3.2-thinking,离别羁旅,2,0.040000,2,1.000000,17,16,8.500000,3.969816,0.065744,0.647059,明月:2|暮雨:1|客舍:1|竹影:1|窗纱:1,客舍:25.00x|故园:25.00x|暮雨:25.00x|柴门:25.00x|流霞:25.00x,客舍,25.000000
a1,无限制生成,type_c,deepseek-3.2-thinking,谈禅说理,6,0.120000,6,1.000000,50,46,8.333333,5.483856,0.023200,0.280000,数据:2|智能:2|云:2|虚空:2|书卷:1,虚空:8.33x|万象:8.33x|乾坤:8.33x|光速:8.33x|墨迹:8.33x,虚空,8.333333
a1,无限制生成,type_c,deepseek-3.2-thinking,豪情壮志,7,0.140000,7,1.000000,50,41,7.142857,5.228758,0.030400,0.380000,数据:4|网络:3|算法:2|代码:2|指尖:2,指尖:7.14x|世界村:7.14x|九天:7.14x|云桥:7.14x|信息路:7.14x,指尖,7.142857
a1,无限制生成,type_c,deepseek-3.2-thinking,闲适隐逸,5,0.100000,5,1.000000,49,44,9.800000,5.410628,0.024573,0.306122,落月:2|轻舟:2|长空:2|青山:2|碧水:2,乱云:10.00x|云雾:10.00x|夏梦:10.00x|姮娥:10.00x|山川:10.00x,乱云,10.000000
a1,无限制生成,type_c,doubao-seed-2.0-pro,咏物寄托,4,0.080000,4,1.000000,26,26,6.500000,4.700440,0.038462,0.384615,秋水:1|残荷:1|青蛙:1|圆萍:1|宿蝶:1,东风:12.50x|凉枕:12.50x|圆萍:12.50x|宿蝶:12.50x|巷陌:12.50x,东风,12.500000
a1,无限制生成,type_c,doubao-seed-2.0-pro,山水田园,11,0.220000,11,1.000000,123,117,11.181818,6.838816,0.009055,0.130081,清露:3|野菊:2|石径:2|落叶:2|晚晴:2,晚晴:4.55x|落叶:4.55x|乡音:4.55x|乳燕:4.55x|云:4.55x,晚晴,4.545455
a1,无限制生成,type_c,doubao-seed-2.0-pro,怀古咏史,2,0.040000,2,1.000000,18,18,9.000000,4.169925,0.055556,0.555556,野蔓:1|旧苔:1|寒蛩:1|颓垣:1|牵牛:1,乌鸦:25.00x|寒蛩:25.00x|寒风:25.00x|尘雾:25.00x|旧刻痕:25.00x,乌鸦,25.000000
a1,无限制生成,type_c,doubao-seed-2.0-pro,悼亡相思,5,0.100000,5,1.000000,49,47,9.800000,5.533077,0.022074,0.244898,桂香:2|苔痕:2|岸柳:1|野槿:1|早韭:1,桂香:10.00x|苔痕:10.00x|吟巾:10.00x|寒叶:10.00x|小桥:10.00x,桂香,10.000000
a1,无限制生成,type_c,doubao-seed-2.0-pro,春怨秋悲,6,0.120000,6,1.000000,63,60,10.500000,5.882042,0.017385,0.206349,岸柳:2|老桐:2|秋光:2|软风:1|轻烟:1,老桐:8.33x|丹枫:8.33x|园径:8.33x|寒烟:8.33x|寒螀:8.33x,老桐,8.333333
a1,无限制生成,type_c,doubao-seed-2.0-pro,离别羁旅,8,0.160000,8,1.000000,69,63,8.625000,5.934611,0.017013,0.231884,冷露:2|渔灯:2|雁影:2|寒波:2|潮水:2,冷露:6.25x|寒波:6.25x|渔灯:6.25x|潮水:6.25x|雁影:6.25x,冷露,6.250000
a1,无限制生成,type_c,doubao-seed-2.0-pro,闲适隐逸,14,0.280000,14,1.000000,140,126,10.000000,6.909605,0.008980,0.164286,石径:4|清露:3|茅店:2|清溪:2|岸柳:2,冰盏:3.57x|新藕:3.57x|残阳:3.57x|乳花:3.57x|余粮:3.57x,冰盏,3.571429
a1,无限制生成,type_c,gemini-3-flash,怀古咏史,2,0.100000,2,1.000000,28,27,14.000000,4.735926,0.038265,0.392857,电光:2|乱云:1|光网:1|机心:1|冷翠:1,乱云:10.00x|余霞:10.00x|光网:10.00x|冰机:10.00x|冷翠:10.00x,乱云,10.000000
a1,无限制生成,type_c,gemini-3-flash,悼亡相思,3,0.150000,3,1.000000,31,28,10.333333,4.760648,0.038502,0.419355,流光:2|代码:2|灵犀:2|虚廊:1|月影:1,代码:6.67x|信道:6.67x|冰丝:6.67x|凝露:6.67x|初梦:6.67x,代码,6.666667
a1,无限制生成,type_c,gemini-3-flash,离别羁旅,3,0.150000,3,1.000000,33,33,11.000000,5.044394,0.030303,0.303030,霓虹:1|深廊:1|酒香:1|人影:1|铁塔:1,人影:6.67x|光芒:6.67x|孤帆:6.67x|寒烟:6.67x|寒芒:6.67x,人影,6.666667
a1,无限制生成,type_c,gemini-3-flash,谈禅说理,7,0.350000,7,1.000000,66,60,9.428571,5.862576,0.017906,0.242424,流光:2|灵犀:2|露华:2|寒宵:2|星河:2,寒宵:2.86x|一粟:2.86x|一芥:2.86x|万卷:2.86x|云海:2.86x,寒宵,2.857143
a1,无限制生成,type_c,gemini-3-flash,豪情壮志,4,0.200000,4,1.000000,41,40,10.250000,5.308772,0.025580,0.268293,流光:2|银汉:1|流萤:1|天枢:1|虚空:1,九霄:5.00x|乾坤:5.00x|光影:5.00x|关山:5.00x|冷星:5.00x,九霄,5.000000
a1,无限制生成,type_c,gemini-3-flash,闲适隐逸,1,0.050000,1,1.000000,12,12,12.000000,3.584963,0.083333,0.833333,云层:1|玉府:1|蓬莱:1|银屏:1|霓裳:1,云层:20.00x|寒钟:20.00x|寒露:20.00x|玉府:20.00x|疏棂:20.00x,云层,20.000000
a1,无限制生成,type_c,gemini-3.1-pro,咏物寄托,1,0.100000,1,1.000000,6,6,6.000000,2.584963,0.166667,1.000000,巨舰:1|远城:1|星河:1|霓虹:1|飞梭:1,巨舰:10.00x|远城:10.00x|长庚:10.00x|霓虹:10.00x|飞梭:10.00x,巨舰,10.000000
a1,无限制生成,type_c,gemini-3.1-pro,春怨秋悲,1,0.100000,1,1.000000,11,11,11.000000,3.459432,0.090909,0.909091,秋叶:1|井栏:1|冷月:1|寒江:1|西风:1,井栏:10.00x|寒江:10.00x|更漏:10.00x|疏影:10.00x|秋叶:10.00x,井栏,10.000000
a1,无限制生成,type_c,gemini-3.1-pro,离别羁旅,4,0.400000,4,1.000000,41,40,10.250000,5.308772,0.025580,0.268293,银河:2|远谷:1|回风:1|长桥:1|薄雾:1,乡尘:2.50x|千山:2.50x|回风:2.50x|宇宙:2.50x|客渡:2.50x,乡尘,2.500000
a1,无限制生成,type_c,gemini-3.1-pro,谈禅说理,3,0.300000,3,1.000000,31,27,10.333333,4.696132,0.040583,0.451613,银河:2|琉璃镜:2|须弥:2|芥子:2|铁镜:1,琉璃镜:3.33x|芥子:3.33x|须弥:3.33x|云海:3.33x|北斗:3.33x,琉璃镜,3.333333
a1,无限制生成,type_c,gemini-3.1-pro,豪情壮志,1,0.100000,1,1.000000,6,6,6.000000,2.584963,0.166667,1.000000,银汉:1|孤影:1|尘寰:1|飞翼:1|星雾:1,孤影:10.00x|星雾:10.00x|金声:10.00x|银汉:10.00x|飞翼:10.00x,孤影,10.000000
a1,无限制生成,type_c,glm-4.7,咏物寄托,4,0.088889,4,1.000000,46,46,11.500000,5.523562,0.021739,0.217391,更漏:1|残灯:1|孤山:1|梅影:1|鬓华:1,云影:11.25x|前尘:11.25x|孤山:11.25x|山月:11.25x|幻彩:11.25x,云影,11.250000
a1,无限制生成,type_c,glm-4.7,怀古咏史,1,0.022222,1,1.000000,14,14,14.000000,3.807355,0.071429,0.714286,老树:1|黄昏:1|酒:1|秦砖:1|汉瓦:1,夜:45.00x|汉瓦:45.00x|白发:45.00x|秦砖:45.00x|窗前月:45.00x,夜,45.000000
a1,无限制生成,type_c,glm-4.7,悼亡相思,3,0.066667,3,1.000000,29,27,9.666667,4.720050,0.039239,0.413793,天涯:2|黄昏:2|雨:1|危楼:1|旧梦:1,天涯:15.00x|旧梦:15.00x|晚红:15.00x|柳色:15.00x|江南岸:15.00x,天涯,15.000000
a1,无限制生成,type_c,glm-4.7,春怨秋悲,2,0.044444,2,1.000000,19,19,9.500000,4.247928,0.052632,0.526316,暮云:1|孤城:1|霓虹:1|车流:1|苍天:1,夜雨:22.50x|孤城:22.50x|寒宵:22.50x|寒露:22.50x|屏:22.50x,夜雨,22.500000
a1,无限制生成,type_c,glm-4.7,离别羁旅,12,0.266667,12,1.000000,141,117,11.750000,6.758172,0.010311,0.191489,关山:4|烟波:3|明月:3|西风:3|晚风:3,烟波:3.75x|尘土:3.75x|灯火:3.75x|青山:3.75x|鬓霜:3.75x,烟波,3.750000
a1,无限制生成,type_c,glm-4.7,谈禅说理,2,0.044444,2,1.000000,16,16,8.000000,4.000000,0.062500,0.625000,清霄:1|银河:1|星盘:1|璇玑:1|云涛:1,天地:22.50x|斗柄:22.50x|星盘:22.50x|松涛:22.50x|梦:22.50x,天地,22.500000
a1,无限制生成,type_c,glm-4.7,豪情壮志,12,0.266667,12,1.000000,139,123,11.583333,6.858044,0.009472,0.179856,长空:4|星斗:3|长风:3|尘寰:3|危楼:2,尘寰:3.75x|星斗:3.75x|长风:3.75x|天阙:3.75x|惊雷:3.75x,尘寰,3.750000
a1,无限制生成,type_c,glm-4.7,闲适隐逸,9,0.200000,9,1.000000,103,96,11.444444,6.543249,0.011217,0.165049,空山:3|幽篁:2|松风:2|明月:2|苍松:2,空山:5.00x|幽篁:5.00x|松风:5.00x|苍松:5.00x|万壑:5.00x,空山,5.000000
a1,无限制生成,type_c,glm-5,咏物寄托,3,0.060000,3,1.000000,31,31,10.333333,4.954196,0.032258,0.322581,桐心:1|鹿胶:1|生漆:1|霜烟:1|虚堂:1,万重山:16.67x|信号:16.67x|冰蕊:16.67x|凌霄:16.67x|孤山:16.67x,万重山,16.666667
a1,无限制生成,type_c,glm-5,怀古咏史,4,0.080000,4,1.000000,35,33,8.750000,5.014997,0.031837,0.342857,西风:2|残编:2|落木:1|云影:1|暮烟:1,残编:12.50x|书卷:12.50x|倚杖:12.50x|剑气:12.50x|危阑:12.50x,残编,12.500000
a1,无限制生成,type_c,glm-5,悼亡相思,3,0.060000,3,1.000000,37,37,12.333333,5.209453,0.027027,0.270270,荒垣:1|古渡:1|暮鸦:1|苍烟:1|霜风:1,云鬟:16.67x|冻云:16.67x|北山泉:16.67x|双燕:16.67x|古渡:16.67x,云鬟,16.666667
a1,无限制生成,type_c,glm-5,春怨秋悲,8,0.160000,8,1.000000,77,74,9.625000,6.188864,0.013999,0.168831,暮云:2|孤灯:2|黄叶:2|西风:1|画堂:1,万山:6.25x|东风:6.25x|乱云:6.25x|乱峰:6.25x|回廊:6.25x,万山,6.250000
a1,无限制生成,type_c,glm-5,离别羁旅,14,0.280000,14,1.000000,141,128,10.071429,6.949800,0.008501,0.148936,孤舟:3|暮色:2|玉笛:2|灯火:2|烟波:2,漏声:3.57x|灯火:3.57x|玉笛:3.57x|远山:3.57x|青山:3.57x,漏声,3.571429
a1,无限制生成,type_c,glm-5,谈禅说理,2,0.040000,2,1.000000,18,18,9.000000,4.169925,0.055556,0.555556,风雨:1|雷霆:1|珠玉:1|寒星:1|浮云:1,云烟:25.00x|太清:25.00x|山灵:25.00x|异兽:25.00x|星辰:25.00x,云烟,25.000000
a1,无限制生成,type_c,glm-5,豪情壮志,6,0.120000,6,1.000000,63,59,10.500000,5.838313,0.018393,0.222222,铁马:3|金戈:2|寒江:2|海天:1|水云:1,金戈:8.33x|云雾:8.33x|冰轮:8.33x|刀环:8.33x|啼鴂:8.33x,金戈,8.333333
a1,无限制生成,type_c,glm-5,闲适隐逸,10,0.200000,10,1.000000,113,107,11.300000,6.707304,0.009946,0.141593,明月:3|清风:2|苍苔:2|孤舟:2|孤灯:2,万壑:5.00x|乌皮几:5.00x|乱石:5.00x|云根:5.00x|倦鸟:5.00x,万壑,5.000000
a1,无限制生成,type_c,gpt-5.4-high,闲适隐逸,2,1.000000,2,1.000000,19,19,9.500000,4.247928,0.052632,0.526316,薄雾:1|短篷:1|小滩:1|螺红:1|鸥影:1,小滩:1.00x|归人:1.00x|旧谱:1.00x|梧桐:1.00x|水烟:1.00x,小滩,1.000000
a1,无限制生成,type_c,kimi-k2.5,咏物寄托,9,0.321429,9,1.000000,123,106,13.666667,6.633571,0.011171,0.195122,代码:4|流光:4|算珠:2|墨痕:2|银河:2,代码:3.11x|云屏:3.11x|云端:3.11x|像素:3.11x|墨痕:3.11x,代码,3.111111
a1,无限制生成,type_c,kimi-k2.5,怀古咏史,3,0.107143,3,1.000000,43,43,14.333333,5.426265,0.023256,0.232558,银汉:1|星槎:1|云帆:1|琉璃:1|霓裳:1,乱苔:9.33x|冰魂:9.33x|古篆:9.33x|断碣:9.33x|暗香:9.33x,乱苔,9.333333
a1,无限制生成,type_c,kimi-k2.5,离别羁旅,3,0.107143,3,1.000000,33,22,11.000000,4.354852,0.052342,0.636364,星河:3|云幕:2|灯火:2|玻璃城:2|光海:2,云幕:9.33x|光海:9.33x|天屏:9.33x|寒星:9.33x|旧铃:9.33x,云幕,9.333333
a1,无限制生成,type_c,kimi-k2.5,谈禅说理,7,0.250000,7,1.000000,87,84,12.428571,6.373978,0.012287,0.149425,数据流:2|算法:2|图灵:2|芥子:1|须弥:1,图灵:4.00x|万萤:4.00x|乾坤:4.00x|二进制:4.00x|云外月:4.00x,图灵,4.000000
a1,无限制生成,type_c,kimi-k2.5,豪情壮志,4,0.142857,4,1.000000,51,48,12.750000,5.554778,0.021915,0.254902,银汉:2|琉璃:2|银河:2|虚宇:1|星槎:1,东溟:7.00x|丹地:7.00x|乘槎:7.00x|云:7.00x|仙阙:7.00x,东溟,7.000000
a1,无限制生成,type_c,kimi-k2.5,闲适隐逸,2,0.071429,2,1.000000,22,22,11.000000,4.459432,0.045455,0.454545,千机缕:1|荧屏:1|流光:1|比特:1|绣户:1,万壑:14.00x|僻路:14.00x|千机缕:14.00x|寒空:14.00x|柴扉:14.00x,万壑,14.000000
a1,无限制生成,type_c,qwen3-max,怀古咏史,1,0.020833,1,1.000000,12,12,12.000000,3.584963,0.083333,0.833333,霜天:1|雁字:1|芦花:1|烟水:1|秋痕:1,山河:48.00x|碧波:48.00x|秋痕:48.00x|渔歌:16.00x|兰舟:12.00x,山河,48.000000
a1,无限制生成,type_c,qwen3-max,悼亡相思,5,0.104167,5,1.000000,74,60,14.800000,5.800471,0.019722,0.310811,潇湘浦:3|东风:3|尺素:3|星雨:2|梨云:2,梨云:9.60x|流水:9.60x|罗衣:9.60x|花影:9.60x|阑干:9.60x,梨云,9.600000
a1,无限制生成,type_c,qwen3-max,离别羁旅,40,0.833333,40,1.000000,524,196,13.100000,6.761633,0.017416,0.337786,芦花:34|西风:27|孤舟:23|烟水:18|渔灯:17,雁声:1.20x|霜月:1.20x|孤棹:1.20x|寒星:1.20x|寒汀:1.20x,雁声,1.200000
a1,无限制生成,type_c,qwen3-max,闲适隐逸,2,0.041667,2,1.000000,28,21,14.000000,4.307355,0.053571,0.607143,霜叶:2|烟水:2|孤舟:2|西风:2|雁行:2,霜叶:24.00x|寒沙:24.00x|平桥:24.00x|归桡:24.00x|新茶:24.00x,霜叶,24.000000
a1,无限制生成,type_c,qwen3.5-flash,咏物寄托,1,0.020000,1,1.000000,13,13,13.000000,3.700440,0.076923,0.769231,寒云:1|暮山:1|瘦影:1|窗牖:1|荒郊:1,东风:50.00x|冰窦:50.00x|尺素:50.00x|暮山:50.00x|玉魄:50.00x,东风,50.000000
a1,无限制生成,type_c,qwen3.5-flash,山水田园,2,0.040000,2,1.000000,26,26,13.000000,4.700440,0.038462,0.384615,枫林:1|雁影:1|寒波:1|残霞:1|孤舟:1,乱红:25.00x|宿鹭:25.00x|寒波:25.00x|深浦:25.00x|烟岚:25.00x,乱红,25.000000
a1,无限制生成,type_c,qwen3.5-flash,怀古咏史,5,0.100000,5,1.000000,81,80,16.200000,6.315159,0.012651,0.135802,雁字:2|大江:1|雪浪:1|断壁:1|残垣:1,万帆:10.00x|乱云:10.00x|乱鸦:10.00x|人影:10.00x|千嶂:10.00x,万帆,10.000000
a1,无限制生成,type_c,qwen3.5-flash,悼亡相思,8,0.160000,8,1.000000,93,89,11.625000,6.453137,0.011678,0.150538,雁字:2|落叶:2|西楼:2|竹影:2|碧云:1,东篱:6.25x|乱萍:6.25x|云络:6.25x|凉月:6.25x|凝烟:6.25x,东篱,6.250000
a1,无限制生成,type_c,qwen3.5-flash,春怨秋悲,1,0.020000,1,1.000000,13,13,13.000000,3.700440,0.076923,0.769231,杨柳:1|云山:1|小径:1|晚烟:1|落花:1,小径:50.00x|征衫:50.00x|晚烟:50.00x|杨柳:50.00x|苔色:50.00x,小径,50.000000
a1,无限制生成,type_c,qwen3.5-flash,离别羁旅,23,0.460000,23,1.000000,306,234,13.304348,7.686576,0.005895,0.143791,暮雨:6|雁字:6|孤舟:6|疏星:5|烟波:4,疏星:2.17x|寒塘:2.17x|关河:2.17x|孤篷:2.17x|故园:2.17x,疏星,2.173913
a1,无限制生成,type_c,qwen3.5-flash,谈禅说理,1,0.020000,1,1.000000,9,9,9.000000,3.169925,0.111111,1.000000,暮雨:1|烟霭:1|寒星:1|光纤:1|月华:1,万山:50.00x|万象:50.00x|光纤:50.00x|短长声:50.00x|数据:25.00x,万山,50.000000
a1,无限制生成,type_c,qwen3.5-flash,豪情壮志,3,0.060000,3,1.000000,43,41,14.333333,5.315686,0.026501,0.279070,星河:3|华灯:1|车尘:1|暗香:1|空阶:1,星河:16.67x|九霄:16.67x|云月:16.67x|云舟:16.67x|华灯:16.67x,星河,16.666667
a1,无限制生成,type_c,qwen3.5-flash,闲适隐逸,6,0.120000,6,1.000000,80,79,13.333333,6.296928,0.012813,0.137500,孤鸿:2|野径:1|云:1|翠微:1|霜枫:1,冰弦:8.33x|危阑:8.33x|夜月:8.33x|宿鸟:8.33x|寒泉:8.33x,冰弦,8.333333
a1,无限制生成,type_c,qwen3.6-plus,咏物寄托,1,0.020408,1,1.000000,14,14,14.000000,3.807355,0.071429,0.714286,碎玉:1|飞琼:1|旧苔:1|孤山:1|寒冰:1,冰心:49.00x|冷蕊:49.00x|孤山:49.00x|寒冰:49.00x|寒月:49.00x,冰心,49.000000
a1,无限制生成,type_c,qwen3.6-plus,怀古咏史,2,0.040816,2,1.000000,29,29,14.500000,4.857981,0.034483,0.344828,孤峰:1|暮色:1|烟波:1|长天:1|芦花:1,垂雾:24.50x|孤峰:24.50x|客梦:24.50x|寒川:24.50x|废渡:24.50x,垂雾,24.500000
a1,无限制生成,type_c,qwen3.6-plus,悼亡相思,1,0.020408,1,1.000000,13,13,13.000000,3.700440,0.076923,0.769231,霜枝:1|冷月:1|空庭:1|庭树:1|孤鸿:1,云霭:49.00x|庭树:49.00x|曲径:49.00x|霜枝:49.00x|残灯:24.50x,云霭,49.000000
a1,无限制生成,type_c,qwen3.6-plus,春怨秋悲,2,0.040816,2,1.000000,26,25,13.000000,4.623517,0.041420,0.423077,星斗:2|霓虹:1|碎影:1|寒秋:1|车河:1,大江:24.50x|寒秋:24.50x|斗牛:24.50x|清樽:24.50x|玉镜:24.50x,大江,24.500000
a1,无限制生成,type_c,qwen3.6-plus,离别羁旅,29,0.591837,29,1.000000,392,242,13.517241,7.598834,0.006898,0.168367,孤舟:10|芦花:9|西风:8|雁字:7|汀洲:7,孤灯:1.69x|寒砧:1.69x|流水:1.69x|斜阳:1.69x|云影:1.69x,孤灯,1.689655
a1,无限制生成,type_c,qwen3.6-plus,谈禅说理,2,0.040816,2,1.000000,21,20,10.500000,4.297079,0.052154,0.523810,云鹤:2|星槎:1|青冥:1|银汉:1|远汀:1,云鹤:24.50x|川星:24.50x|川烟:24.50x|河汉:24.50x|玉宇:24.50x,云鹤,24.500000
a1,无限制生成,type_c,qwen3.6-plus,豪情壮志,4,0.081633,4,1.000000,56,52,14.000000,5.651018,0.021046,0.250000,银汉:3|星槎:2|玉盘:2|暮云:1|玉津:1,玉盘:12.25x|云台:12.25x|云帆:12.25x|云舷:12.25x|光轨:12.25x,玉盘,12.250000
a1,无限制生成,type_c,qwen3.6-plus,闲适隐逸,8,0.163265,8,1.000000,108,95,13.500000,6.507157,0.011660,0.194444,雁字:3|落叶:2|西风:2|孤舟:2|暮云:2,松风:6.13x|轻鸥:6.13x|万木:6.13x|丝桐:6.13x|五更钟:6.13x,松风,6.125000
b1,五词牌-无主题,type_b,deepseek-3.2-thinking,咏物寄托,15,0.075000,15,1.000000,143,93,9.533333,6.122264,0.022348,0.349650,代码:12|数据:9|荧屏:5|屏幕:5|算法:5,AI:13.33x|比特:13.33x|键声:13.33x|万水:13.33x|云廊:13.33x,AI,13.333333
b1,五词牌-无主题,type_b,deepseek-3.2-thinking,山水田园,5,0.025000,5,1.000000,46,41,9.200000,5.306171,0.026465,0.326087,斜阳:2|归鸟:2|松风:2|远山:2|夕阳:2,万壑:40.00x|东风:40.00x|人寰:40.00x|前山:40.00x|千岩:40.00x,万壑,40.000000
b1,五词牌-无主题,type_b,deepseek-3.2-thinking,怀古咏史,14,0.070000,14,1.000000,177,146,12.642857,7.093229,0.008012,0.141243,雁阵:4|寒烟:3|钟声:3|长空:3|淡云:2,尘烟:14.29x|江山:14.29x|渔樵:14.29x|赤壁:14.29x|铁马:14.29x,尘烟,14.285714
b1,五词牌-无主题,type_b,deepseek-3.2-thinking,悼亡相思,15,0.075000,15,1.000000,161,127,10.733333,6.813624,0.010995,0.204969,明月:8|孤灯:3|轻风:3|空庭:3|西风:3,暮雨:13.33x|书信:13.33x|书简:13.33x|云迹:13.33x|人潮:13.33x,暮雨,13.333333
b1,五词牌-无主题,type_b,deepseek-3.2-thinking,春怨秋悲,19,0.095000,19,1.000000,179,132,9.421053,6.843574,0.010518,0.217877,落叶:5|暮云:5|明月:5|孤灯:4|小楼:4,庭院:10.53x|归鸿:10.53x|书案:10.53x|云窗:10.53x|冷砚:10.53x,庭院,10.526316
b1,五词牌-无主题,type_b,deepseek-3.2-thinking,离别羁旅,56,0.280000,56,1.000000,586,323,10.464286,7.899409,0.006098,0.153584,暮云:15|明月:14|孤舟:10|西风:8|危栏:8,南浦:3.57x|家山:3.57x|沙洲:3.57x|清樽:3.57x|孤篷:3.57x,南浦,3.571429
b1,五词牌-无主题,type_b,deepseek-3.2-thinking,谈禅说理,20,0.100000,20,1.000000,165,135,8.250000,6.913165,0.010174,0.193939,数据:7|算法:5|星河:4|清风:3|网络:3,往事:10.00x|书声:10.00x|书画:10.00x|云川:10.00x|云机:10.00x,往事,10.000000
b1,五词牌-无主题,type_b,deepseek-3.2-thinking,豪情壮志,28,0.140000,28,1.000000,277,199,9.892857,7.439849,0.006920,0.155235,银河:6|数据:6|明月:5|星河:4|网络:4,蟾宫:7.14x|长风:7.14x|北斗:7.14x|白露:7.14x|长虹:7.14x,蟾宫,7.142857
b1,五词牌-无主题,type_b,deepseek-3.2-thinking,闲适隐逸,28,0.140000,28,1.000000,315,241,11.250000,7.698204,0.006097,0.155556,星河:7|明月:7|青山:6|流水:5|清风:5,晨光:7.14x|柴门:7.14x|桃花:7.14x|流泉:7.14x|清泉:7.14x,晨光,7.142857
b1,五词牌-无主题,type_b,doubao-seed-2.0-pro,山水田园,18,0.090000,18,1.000000,188,161,10.444444,7.226001,0.007583,0.143617,荷香:6|野岸:3|垂杨:3|归禽:3|归鸦:2,云片:11.11x|晴光:11.11x|稚子:11.11x|轻絮:11.11x|丹萸:11.11x,云片,11.111111
b1,五词牌-无主题,type_b,doubao-seed-2.0-pro,怀古咏史,25,0.125000,25,1.000000,431,287,17.240000,7.871975,0.005690,0.146172,铁瓮城:10|落木:10|芦花:6|渔歌:6|残碑:6,铁瓮城:8.00x|残碑:8.00x|故垒:8.00x|废堞:8.00x|北固山:8.00x,铁瓮城,8.000000
b1,五词牌-无主题,type_b,doubao-seed-2.0-pro,悼亡相思,20,0.100000,20,1.000000,225,194,11.250000,7.505408,0.006104,0.124444,阑干:5|霜风:3|凉露:3|晚烟:3|砌蛩:3,空阶:10.00x|寒叶:10.00x|笺痕:10.00x|篱户:10.00x|荒径:10.00x,空阶,10.000000
b1,五词牌-无主题,type_b,doubao-seed-2.0-pro,春怨秋悲,7,0.035000,7,1.000000,84,80,12.000000,6.297079,0.013039,0.166667,西风:2|蛛网:2|丹枫:2|汀洲:2|晚枫:1,余菊:28.57x|冷烟:28.57x|凝尘:28.57x|凝霜:28.57x|吟魂:28.57x,余菊,28.571429
b1,五词牌-无主题,type_b,doubao-seed-2.0-pro,离别羁旅,96,0.480000,96,1.000000,1093,596,11.385417,8.692944,0.003888,0.124428,西风:17|孤篷:16|篱菊:14|汀洲:14|家山:13,烟水:2.08x|故园:2.08x|飘蓬:2.08x|笛声:2.08x|霜空:2.08x,烟水,2.083333
b1,五词牌-无主题,type_b,doubao-seed-2.0-pro,闲适隐逸,34,0.170000,34,1.000000,386,316,11.352941,8.189481,0.003826,0.088083,松风:4|清露:4|新茶:4|澄波:4|鸥鹭:3,荷气:5.88x|蟾光:5.88x|松风:5.88x|凉月:5.88x|凉风:5.88x,荷气,5.882353
b1,五词牌-无主题,type_b,glm-5,咏物寄托,1,0.010204,1,1.000000,5,5,5.000000,2.321928,0.200000,1.000000,溪桥:1|冷蕊:1|香雪:1|孤鸿:1|水云:1,冷蕊:98.00x|香雪:98.00x|水云:32.67x|溪桥:32.67x|孤鸿:19.60x,冷蕊,98.000000
b1,五词牌-无主题,type_b,glm-5,山水田园,2,0.020408,2,1.000000,14,13,7.000000,3.664498,0.081633,0.785714,疏钟:2|深山:1|阑干:1|斜阳:1|霜风:1,山径:49.00x|星月:49.00x|楚江:49.00x|深山:49.00x|秋声:49.00x,山径,49.000000
b1,五词牌-无主题,type_b,glm-5,怀古咏史,6,0.061224,6,1.000000,82,77,13.666667,6.226395,0.013980,0.182927,落日:3|梅花:2|铁马:2|明月:2|飞雪:1,铁马:16.33x|乱岭:16.33x|乱石:16.33x|关河:16.33x|危阁:16.33x,铁马,16.333333
b1,五词牌-无主题,type_b,glm-5,悼亡相思,6,0.061224,6,1.000000,57,53,9.500000,5.692539,0.020006,0.245614,晚烟:2|危阑:2|西风:2|孤枕:2|高楼:1,孤枕:16.33x|书卷:16.33x|城头:16.33x|夜凉:16.33x|孤屏:16.33x,孤枕,16.333333
b1,五词牌-无主题,type_b,glm-5,春怨秋悲,12,0.122449,12,1.000000,117,104,9.750000,6.624596,0.011031,0.196581,西风:4|阑干:3|长空:2|孤鸿:2|小楼:2,小楼:8.17x|落红:8.17x|乱山:8.17x|云烟:8.17x|云端:8.17x,小楼,8.166667
b1,五词牌-无主题,type_b,glm-5,离别羁旅,33,0.336735,33,1.000000,336,239,10.181818,7.675573,0.006130,0.154762,斜阳:7|烟水:7|西风:6|阑干:6|孤舟:5,危栏:2.97x|孤馆:2.97x|客衣:2.97x|归雁:2.97x|梦魂:2.97x,危栏,2.969697
b1,五词牌-无主题,type_b,glm-5,谈禅说理,3,0.030612,3,1.000000,33,33,11.000000,5.044394,0.030303,0.303030,碧落:1|银汉:1|客船:1|星槎:1|酒樽:1,九霄:32.67x|凉风:32.67x|古殿:32.67x|女牛:32.67x|客船:32.67x,九霄,32.666667
b1,五词牌-无主题,type_b,glm-5,豪情壮志,10,0.102041,10,1.000000,135,115,13.500000,6.724891,0.010809,0.207407,危楼:4|清风:4|斜阳:4|暮色:3|逝水:3,逝水:9.80x|酒:9.80x|长风:9.80x|雁阵:9.80x|云涛:9.80x,逝水,9.800000
b1,五词牌-无主题,type_b,glm-5,闲适隐逸,25,0.255102,25,1.000000,252,204,10.080000,7.499091,0.006771,0.162698,闲云:6|流水:6|明月:5|斜阳:5|青山:4,吾庐:3.92x|栏杆:3.92x|白鸥:3.92x|万壑:3.92x|乱峰:3.92x,吾庐,3.920000
b1,五词牌-无主题,type_b,qwen3.6-plus,咏物寄托,1,0.005319,1,1.000000,11,11,11.000000,3.459432,0.090909,0.909091,火箭:1|云端:1|广寒宫:1|玉斧:1|银汉:1,云端:188.00x|广寒宫:188.00x|星盘:188.00x|火箭:188.00x|玉斧:188.00x,云端,188.000000
b1,五词牌-无主题,type_b,qwen3.6-plus,山水田园,4,0.021277,4,1.000000,40,36,10.000000,5.121928,0.030000,0.350000,孤舟:2|芦花:2|暮云:2|秋水:2|霜林:1,东风:47.00x|幽梦:47.00x|春水:47.00x|清鹤:47.00x|霜色:47.00x,东风,47.000000
b1,五词牌-无主题,type_b,qwen3.6-plus,怀古咏史,22,0.117021,22,1.000000,386,275,17.545455,7.883296,0.005195,0.129534,雁阵:6|雁字:6|残碑:5|逝水:5|芦花:5,云楼:8.55x|冰轮:8.55x|沉江:8.55x|铁马:8.55x|东坡笠:8.55x,云楼,8.545455
b1,五词牌-无主题,type_b,qwen3.6-plus,悼亡相思,11,0.058511,11,1.000000,128,114,11.636364,6.775352,0.009644,0.164062,芦花:3|霜风:2|冷露:2|空庭:2|春烟:2,春烟:17.09x|冷砚:17.09x|冻浦:17.09x|凉月:17.09x|孤窗:17.09x,春烟,17.090909
b1,五词牌-无主题,type_b,qwen3.6-plus,春怨秋悲,9,0.047872,9,1.000000,99,83,11.000000,6.298499,0.013570,0.212121,暮云:3|疏星:2|孤灯:2|荻花:2|烟波:2,瑶琴:20.89x|云痕:20.89x|前川:20.89x|小楼:20.89x|庭前雨:20.89x,瑶琴,20.888889
b1,五词牌-无主题,type_b,qwen3.6-plus,离别羁旅,108,0.574468,108,1.000000,1390,586,12.870370,8.408250,0.005792,0.179137,孤舟:37|雁字:35|暮云:31|荻花:27|芦花:25,寒浦:1.74x|客梦:1.74x|玉笛:1.74x|寒水:1.74x|乡关:1.74x,寒浦,1.740741
b1,五词牌-无主题,type_b,qwen3.6-plus,谈禅说理,1,0.005319,1,1.000000,9,9,9.000000,3.169925,0.111111,1.000000,暮色:1|西楼:1|秋叶:1|长风:1|笛声:1,秋叶:188.00x|沙洲:47.00x|关河:37.60x|沧波:26.86x|笛声:20.89x,秋叶,188.000000
b1,五词牌-无主题,type_b,qwen3.6-plus,豪情壮志,11,0.058511,11,1.000000,188,146,17.090909,7.039196,0.008771,0.180851,霜天:5|孤舟:4|千峰:4|雁阵:3|危楼:3,一苇:17.09x|中流:17.09x|九天:17.09x|云汉:17.09x|云海:17.09x,一苇,17.090909
b1,五词牌-无主题,type_b,qwen3.6-plus,闲适隐逸,21,0.111702,21,1.000000,310,234,14.761905,7.723146,0.005390,0.112903,清秋:5|明月:4|芦花:4|长空:4|孤舟:3,钓钩:8.95x|乱云:8.95x|柴门:8.95x|沙鸟:8.95x|石径:8.95x,钓钩,8.952381
b2,五词牌-改革主题,type_d,deepseek-3.2-thinking,咏物寄托,78,0.390000,78,1.000000,383,229,4.910256,7.432453,0.008187,0.198433,宗门:11|风雨:9|晨钟:8|仙山:8|春风:7,鹤影:2.56x|寒月:2.56x|泪痕:2.56x|烟雨:2.56x|严令:2.56x,鹤影,2.564103
b2,五词牌-改革主题,type_d,deepseek-3.2-thinking,谈禅说理,77,0.385000,77,1.000000,384,240,4.987013,7.559788,0.007297,0.177083,春风:11|晨钟:8|暮鼓:8|宗规:8|旧制:7,仙踪:2.60x|山岳:2.60x|规绳:2.60x|旧章:2.60x|青天:2.60x,仙踪,2.597403
b2,五词牌-改革主题,type_d,deepseek-3.2-thinking,豪情壮志,45,0.225000,45,1.000000,233,166,5.177778,7.081021,0.009965,0.227468,晨钟:7|暮鼓:7|春风:7|明月:6|剑影:6,陈规:4.44x|修行路:4.44x|古律:4.44x|寒光:4.44x|清规:4.44x,陈规,4.444444
b2,五词牌-改革主题,type_d,doubao-seed-2.0-pro,咏物寄托,66,0.330000,66,1.000000,406,289,6.151515,7.905666,0.005460,0.145320,樊笼:8|松风:7|殿角:7|雏鹰:7|灵根:5,新翎:3.03x|露:3.03x|云天:3.03x|劫浪:3.03x|清辉:3.03x,新翎,3.030303
b2,五词牌-改革主题,type_d,doubao-seed-2.0-pro,谈禅说理,126,0.630000,126,1.000000,885,532,7.023810,8.586961,0.004130,0.133333,樊笼:16|劫火:16|云:13|丹台:13|松风:12,万壑:1.59x|仙峰:1.59x|妖氛:1.59x|玄峰:1.59x|云涛:1.59x,万壑,1.587302
b2,五词牌-改革主题,type_d,doubao-seed-2.0-pro,豪情壮志,8,0.040000,8,1.000000,82,72,10.250000,6.113650,0.015170,0.243902,云阶:2|樊笼:2|明月:2|松风:2|万木:2,万兵:25.00x|云樊:25.00x|凌云侣:25.00x|初心:25.00x|剑锋:25.00x,万兵,25.000000
b2,五词牌-改革主题,type_d,gemini-3.1-pro,咏物寄托,4,1.000000,4,1.000000,39,37,9.750000,5.182838,0.028271,0.307692,清规:2|剑气:2|仙阶:1|千山雪:1|灵犀:1,剑气:1.00x|清规:1.00x|九重春:1.00x|仙阶:1.00x|冰壁:1.00x,剑气,1.000000
b2,五词牌-改革主题,type_d,glm-5,咏物寄托,34,0.539683,34,1.000000,213,156,6.264706,7.015187,0.010690,0.220657,樊笼:10|剑气:8|清规:6|稚子:4|妖雾:4,妖雾:1.85x|利剑:1.85x|千山:1.85x|危崖:1.85x|悲风:1.85x,妖雾,1.852941
b2,五词牌-改革主题,type_d,glm-5,谈禅说理,12,0.190476,12,1.000000,88,72,7.333333,6.024606,0.018337,0.284091,樊笼:6|剑气:3|清规:2|烽烟:2|霜锋:2,尘土:5.25x|云巅:5.25x|云根:5.25x|云浮:5.25x|云雾:5.25x,尘土,5.250000
b2,五词牌-改革主题,type_d,glm-5,豪情壮志,17,0.269841,17,1.000000,125,104,7.352941,6.550455,0.012992,0.224000,樊笼:7|重关:3|灵台:3|剑影:3|剑气:2,寒山:3.71x|绝顶:3.71x|严关:3.71x|严律:3.71x|云门:3.71x,寒山,3.705882
b2,五词牌-改革主题,type_d,qwen3.6-plus,咏物寄托,67,0.416149,67,1.000000,762,479,11.373134,8.495816,0.004106,0.123360,星斗:13|剑阁:12|铁律:12|灵根:10|剑阵:9,九天:2.40x|云壑:2.40x|冰弦:2.40x|冰绡:2.40x|凝雾:2.40x,九天,2.402985
b2,五词牌-改革主题,type_d,qwen3.6-plus,谈禅说理,43,0.267081,43,1.000000,520,326,12.093023,7.967782,0.005821,0.159615,青衿:12|铁律:11|灵根:11|劫火:11|剑阁:8,云鹏:3.74x|剑匣:3.74x|孤鹤:3.74x|寒钟:3.74x|戒律:3.74x,云鹏,3.744186
b2,五词牌-改革主题,type_d,qwen3.6-plus,豪情壮志,51,0.316770,51,1.000000,623,395,12.215686,8.227425,0.004913,0.144462,青衿:12|星斗:10|重关:10|青锋:9|剑阁:9,剑:3.16x|玄霜:3.16x|临渊:3.16x|剑诀:3.16x|新火:3.16x,剑,3.156863
b3,五词牌-玉兰主题,type_d,deepseek-3.2-thinking,咏物寄托,186,0.930000,186,1.000000,990,311,5.322581,6.930332,0.029575,0.340404,玉兰:147|玉树:31|风霜:27|清香:26|春风:24,书山:1.08x|花影:1.08x|暗香:1.08x|雪:1.08x|冷雨:1.08x,书山,1.075269
b3,五词牌-玉兰主题,type_d,deepseek-3.2-thinking,春怨秋悲,1,0.005000,1,1.000000,4,4,4.000000,2.000000,0.250000,1.000000,风雨:1|芳树:1|清香:1|明月:1,芳树:66.67x|明月:12.50x|风雨:8.70x|清香:7.14x,芳树,66.666667
b3,五词牌-玉兰主题,type_d,deepseek-3.2-thinking,谈禅说理,10,0.050000,10,1.000000,54,43,5.400000,5.208410,0.034979,0.388889,玉树:6|玉兰:4|风雨:2|琼花:2|书卷:2,旧卷:20.00x|明镜:20.00x|朝暾:20.00x|残花:20.00x|深宵:20.00x,旧卷,20.000000
b3,五词牌-玉兰主题,type_d,deepseek-3.2-thinking,豪情壮志,2,0.010000,2,1.000000,12,11,6.000000,3.418296,0.097222,0.916667,玉兰:2|风尘:1|云山:1|春日:1|蜂蝶:1,寒霜:100.00x|春日:100.00x|残灯:33.33x|蜂蝶:25.00x|云山:14.29x,寒霜,100.000000
b3,五词牌-玉兰主题,type_d,deepseek-3.2-thinking,闲适隐逸,1,0.005000,1,1.000000,4,4,4.000000,2.000000,0.250000,1.000000,书卷:1|风雨:1|小园:1|玉蕊:1,玉蕊:40.00x|书卷:22.22x|小园:22.22x|风雨:8.70x,玉蕊,40.000000
b3,五词牌-玉兰主题,type_d,doubao-seed-2.0-pro,咏物寄托,183,0.915000,183,1.000000,1409,670,7.699454,8.716814,0.004461,0.141945,玉兰:41|灯窗:30|寒窗:19|春寒:18|清光:16,征鞍:1.09x|素艳:1.09x|题卷:1.09x|书窗:1.09x|云帆:1.09x,征鞍,1.092896
b3,五词牌-玉兰主题,type_d,doubao-seed-2.0-pro,豪情壮志,17,0.085000,17,1.000000,139,114,8.176471,6.722399,0.010610,0.179856,玉兰:5|琼萼:3|小园:3|廊阴:2|灯窗:2,冷雨:11.76x|春花:11.76x|乱蓬:11.76x|云根:11.76x|云鞍:11.76x,冷雨,11.764706
b3,五词牌-玉兰主题,type_d,gemini-3.1-pro,咏物寄托,2,1.000000,2,1.000000,16,16,8.000000,4.000000,0.062500,0.625000,青灯:1|破卷:1|青云:1|客舍:1|屠龙剑:1,东风:1.00x|客舍:1.00x|尘编:1.00x|屠龙剑:1.00x|微春:1.00x,东风,1.000000
b3,五词牌-玉兰主题,type_d,qwen3.6-plus,咏物寄托,173,0.915344,173,1.000000,1869,686,10.803468,8.391245,0.006543,0.193686,素萼:56|寒窗:54|长街:41|书山:35|冰绡:34,庭树:1.09x|白雪:1.09x|素华:1.09x|素蕊:1.09x|芸窗:1.09x,庭树,1.092486
b3,五词牌-玉兰主题,type_d,qwen3.6-plus,春怨秋悲,3,0.015873,3,1.000000,24,23,8.000000,4.501629,0.045139,0.458333,寒窗:2|重门:1|残卷:1|长铗:1|尘垢:1,尘稿:63.00x|星夜:63.00x|秋声:63.00x|青鬓:63.00x|尘垢:31.50x,尘稿,63.000000
b3,五词牌-玉兰主题,type_d,qwen3.6-plus,谈禅说理,1,0.005291,1,1.000000,11,11,11.000000,3.459432,0.090909,0.909091,寒窗:1|青编:1|长街:1|旧径:1|残云:1,旧径:189.00x|残云:189.00x|清波:189.00x|心舟:63.00x|关山:37.80x,旧径,189.000000
b3,五词牌-玉兰主题,type_d,qwen3.6-plus,豪情壮志,12,0.063492,12,1.000000,149,98,12.416667,6.360689,0.015089,0.275168,寒窗:6|素影:6|琼枝:5|青衫:4|素萼:4,锦字:15.75x|世路:15.75x|书牖:15.75x|书简:15.75x|凌云手:15.75x,锦字,15.750000
c1,沁园春-玉兰主题,type_a,deepseek-3.2-thinking,咏物寄托,193,0.965000,193,1.000000,1523,488,7.891192,7.659257,0.013590,0.286277,玉兰:106|玉树:67|琼枝:59|清香:37|寒窗:35,白雪:1.04x|书山:1.04x|琼英:1.04x|素影:1.04x|霜雪:1.04x,白雪,1.036269
c1,沁园春-玉兰主题,type_a,deepseek-3.2-thinking,豪情壮志,6,0.030000,6,1.000000,51,43,8.500000,5.304682,0.028835,0.352941,玉兰:4|寒窗:3|风雨:2|青山:2|花:2,云窗:33.33x|孤星:33.33x|尘埃:33.33x|微飚:33.33x|新蕊:33.33x,云窗,33.333333
c1,沁园春-玉兰主题,type_a,deepseek-3.2-thinking,闲适隐逸,1,0.005000,1,1.000000,8,8,8.000000,3.000000,0.125000,1.000000,书卷:1|花信:1|玉兰:1|晚丘:1|东风:1,晚丘:200.00x|花信:200.00x|白鸥:100.00x|枝头:18.18x|东风:16.67x,晚丘,200.000000
c1,沁园春-玉兰主题,type_a,doubao-seed-2.0-pro,咏物寄托,168,0.840000,168,1.000000,1754,757,10.440476,8.732226,0.004984,0.164196,风埃:48|清芬:44|琼英:33|尘笺:26|灯窗:26,明月:1.19x|琼华:1.19x|书卷:1.19x|冰柯:1.19x|玉蕊:1.19x,明月,1.190476
c1,沁园春-玉兰主题,type_a,doubao-seed-2.0-pro,豪情壮志,32,0.160000,32,1.000000,379,247,11.843750,7.584098,0.007512,0.187335,风埃:11|琼英:10|清芬:9|灯窗:9|白雪:7,浪涛:6.25x|云浪:6.25x|云涛:6.25x|枝头:6.25x|根芽:6.25x,浪涛,6.250000
c1,沁园春-玉兰主题,type_a,gemini-3.1-pro,咏物寄托,1,0.500000,1,1.000000,9,9,9.000000,3.169925,0.111111,1.000000,微灯:1|虚堂:1|卷帙:1|星霜:1|琼姿:1,卷帙:2.00x|幽芳:2.00x|微灯:2.00x|星霜:2.00x|晓光:2.00x,卷帙,2.000000
c1,沁园春-玉兰主题,type_a,gemini-3.1-pro,豪情壮志,1,0.500000,1,1.000000,7,7,7.000000,2.807355,0.142857,1.000000,残书:1|长街:1|风雨:1|孤灯:1|繁枝:1,冰雪:2.00x|孤灯:2.00x|残书:2.00x|繁枝:2.00x|长街:2.00x,冰雪,2.000000
c1,沁园春-玉兰主题,type_a,qwen3.6-plus,咏物寄托,121,0.812081,121,1.000000,1525,628,12.603306,8.428771,0.005871,0.177049,琼枝:42|寒窗:37|素萼:33|琼英:27|青衫:26,暗香:1.23x|卷帙:1.23x|云:1.23x|白雪:1.23x|履痕:1.23x,暗香,1.231405
c1,沁园春-玉兰主题,type_a,qwen3.6-plus,春怨秋悲,2,0.013423,2,1.000000,26,26,13.000000,4.700440,0.038462,0.384615,落叶:1|空阶:1|冷雨:1|芸编:1|青衿:1,倦翼:74.50x|回塘:74.50x|孤云:74.50x|孤鸿:74.50x|暗水:74.50x,倦翼,74.500000
c1,沁园春-玉兰主题,type_a,qwen3.6-plus,离别羁旅,4,0.026846,4,1.000000,48,42,12.000000,5.303509,0.027778,0.333333,寒窗:3|长街:3|墨卷:2|青灯:2|冷庭:1,云天:37.25x|云岫:37.25x|冷庭:37.25x|星芒:37.25x|白衣:37.25x,云天,37.250000
c1,沁园春-玉兰主题,type_a,qwen3.6-plus,谈禅说理,1,0.006711,1,1.000000,24,24,24.000000,4.584963,0.041667,0.416667,霜锋:1|书卷:1|星沉:1|芸窗:1|残编:1,冰骨:149.00x|岁华:149.00x|弦:149.00x|断雁:149.00x|星沉:149.00x,冰骨,149.000000
c1,沁园春-玉兰主题,type_a,qwen3.6-plus,豪情壮志,21,0.140940,21,1.000000,281,205,13.380952,7.435779,0.007434,0.174377,琼枝:8|青衿:7|长街:6|寒窗:5|星霜:4,远岫:7.10x|九霄:7.10x|云山:7.10x|云槎:7.10x|云航:7.10x,远岫,7.095238
c2,沁园春-改革主题,type_e,deepseek-3.2-thinking,咏物寄托,9,0.090909,9,1.000000,66,54,7.333333,5.623569,0.022957,0.333333,弟子:3|危机:3|长老:3|晨钟:3|暮鼓:3,云卷:11.00x|云海:11.00x|剑阁:11.00x|古律:11.00x|宇宙:11.00x,云卷,11.000000
c2,沁园春-改革主题,type_e,deepseek-3.2-thinking,谈禅说理,49,0.494949,49,1.000000,274,158,5.591837,6.828968,0.014252,0.277372,晨钟:15|暮鼓:15|春风:10|云山:6|樊笼:6,枷锁:2.02x|天公:2.02x|经书:2.02x|酒盅:2.02x|云峰:2.02x,枷锁,2.020408
c2,沁园春-改革主题,type_e,deepseek-3.2-thinking,豪情壮志,40,0.404040,40,1.000000,229,128,5.725000,6.514165,0.016762,0.314410,宗门:13|晨钟:11|暮鼓:10|长老:8|弟子:7,旧规:2.48x|栏杆:2.48x|修炼场:2.48x|山门:2.48x|新潮:2.48x,旧规,2.475000
c2,沁园春-改革主题,type_e,deepseek-3.2-thinking,闲适隐逸,1,0.010101,1,1.000000,3,3,3.000000,1.584963,0.333333,1.000000,前路:1|栏干:1|清风:1,栏干:49.50x|清风:14.14x|前路:11.00x,栏干,49.500000
c2,沁园春-改革主题,type_e,doubao-seed-2.0-pro,咏物寄托,6,0.060000,6,1.000000,53,49,8.833333,5.562734,0.022428,0.264151,丹台:3|仙峰:2|樊笼:2|玉阙:1|丹崖:1,丹阙:16.67x|垂髫:16.67x|孤松:16.67x|律例:16.67x|故辙:16.67x,丹阙,16.666667
c2,沁园春-改革主题,type_e,doubao-seed-2.0-pro,谈禅说理,80,0.800000,80,1.000000,791,440,9.887500,8.231492,0.005637,0.168142,樊笼:18|仙峰:18|丹台:17|青衿:16|万木:14,云:1.25x|雾:1.25x|丹峰:1.25x|云雾:1.25x|仙鹤:1.25x,云,1.250000
c2,沁园春-改革主题,type_e,doubao-seed-2.0-pro,豪情壮志,14,0.140000,14,1.000000,122,105,8.714286,6.639674,0.010750,0.180328,仙峰:3|樊笼:3|弟子:2|霜:2|鲲鹏:2,云阶:7.14x|丹堂:7.14x|丹经:7.14x|丹鹤:7.14x|九霄:7.14x,云阶,7.142857
c2,沁园春-改革主题,type_e,qwen3.6-plus,咏物寄托,11,0.169231,11,1.000000,177,132,16.090909,6.854919,0.010565,0.203390,丹炉:7|青衿:6|剑阁:3|星槎:3|剑气:3,浓雾:5.91x|稚子:5.91x|丹房:5.91x|九霄:5.91x|云台:5.91x,浓雾,5.909091
c2,沁园春-改革主题,type_e,qwen3.6-plus,谈禅说理,22,0.338462,22,1.000000,284,199,12.909091,7.399927,0.007588,0.172535,灵根:9|剑阁:7|青衿:6|丹炉:5|劫火:5,云雾:2.95x|古阁:2.95x|坚城:2.95x|宗门:2.95x|旧坛:2.95x,云雾,2.954545
c2,沁园春-改革主题,type_e,qwen3.6-plus,豪情壮志,32,0.492308,32,1.000000,505,315,15.781250,7.869709,0.006756,0.186139,青衿:15|丹炉:14|灵根:13|铁律:10|剑阁:9,同袍:2.03x|群峰:2.03x|长夜:2.03x|玄规:2.03x|丹心:2.03x,同袍,2.031250
