db,db_label,prompt_type,model,imagery,count,proportion,poem_coverage_count,poem_coverage_ratio,rank,total_poems,imagery_covered_poems,total_imagery_tokens
a1,无限制生成,type_c,deepseek-3.2-thinking,数据,17,0.038724,17,0.340000,1,50,50,439
a1,无限制生成,type_c,deepseek-3.2-thinking,代码,16,0.036446,16,0.320000,2,50,50,439
a1,无限制生成,type_c,deepseek-3.2-thinking,算法,12,0.027335,12,0.240000,3,50,50,439
a1,无限制生成,type_c,deepseek-3.2-thinking,星河,8,0.018223,8,0.160000,4,50,50,439
a1,无限制生成,type_c,deepseek-3.2-thinking,键盘,8,0.018223,8,0.160000,5,50,50,439
a1,无限制生成,type_c,deepseek-3.2-thinking,网络,7,0.015945,7,0.140000,6,50,50,439
a1,无限制生成,type_c,deepseek-3.2-thinking,星空,5,0.011390,5,0.100000,7,50,50,439
a1,无限制生成,type_c,deepseek-3.2-thinking,青山,5,0.011390,5,0.100000,8,50,50,439
a1,无限制生成,type_c,deepseek-3.2-thinking,荧屏,5,0.011390,5,0.100000,9,50,50,439
a1,无限制生成,type_c,deepseek-3.2-thinking,光影,4,0.009112,4,0.080000,10,50,50,439
a1,无限制生成,type_c,deepseek-3.2-thinking,云端,4,0.009112,4,0.080000,11,50,50,439
a1,无限制生成,type_c,deepseek-3.2-thinking,智能,4,0.009112,4,0.080000,12,50,50,439
a1,无限制生成,type_c,deepseek-3.2-thinking,信息,4,0.009112,4,0.080000,13,50,50,439
a1,无限制生成,type_c,deepseek-3.2-thinking,细雨,3,0.006834,3,0.060000,14,50,50,439
a1,无限制生成,type_c,deepseek-3.2-thinking,落月,3,0.006834,3,0.060000,15,50,50,439
a1,无限制生成,type_c,deepseek-3.2-thinking,孤灯,3,0.006834,3,0.060000,16,50,50,439
a1,无限制生成,type_c,deepseek-3.2-thinking,夕阳,3,0.006834,3,0.060000,17,50,50,439
a1,无限制生成,type_c,deepseek-3.2-thinking,银河,3,0.006834,3,0.060000,18,50,50,439
a1,无限制生成,type_c,deepseek-3.2-thinking,云影,3,0.006834,3,0.060000,19,50,50,439
a1,无限制生成,type_c,deepseek-3.2-thinking,清风,3,0.006834,3,0.060000,20,50,50,439
a1,无限制生成,type_c,doubao-seed-2.0-pro,清露,8,0.016393,8,0.160000,1,50,50,488
a1,无限制生成,type_c,doubao-seed-2.0-pro,岸柳,7,0.014344,7,0.140000,2,50,50,488
a1,无限制生成,type_c,doubao-seed-2.0-pro,石径,6,0.012295,6,0.120000,3,50,50,488
a1,无限制生成,type_c,doubao-seed-2.0-pro,晚风,6,0.012295,6,0.120000,4,50,50,488
a1,无限制生成,type_c,doubao-seed-2.0-pro,野菊,4,0.008197,4,0.080000,5,50,50,488
a1,无限制生成,type_c,doubao-seed-2.0-pro,闲云,4,0.008197,4,0.080000,6,50,50,488
a1,无限制生成,type_c,doubao-seed-2.0-pro,寒霜,4,0.008197,4,0.080000,7,50,50,488
a1,无限制生成,type_c,doubao-seed-2.0-pro,清溪,3,0.006148,3,0.060000,8,50,50,488
a1,无限制生成,type_c,doubao-seed-2.0-pro,残荷,3,0.006148,3,0.060000,9,50,50,488
a1,无限制生成,type_c,doubao-seed-2.0-pro,软风,3,0.006148,3,0.060000,10,50,50,488
a1,无限制生成,type_c,doubao-seed-2.0-pro,云影,3,0.006148,3,0.060000,11,50,50,488
a1,无限制生成,type_c,doubao-seed-2.0-pro,茅店,3,0.006148,3,0.060000,12,50,50,488
a1,无限制生成,type_c,doubao-seed-2.0-pro,秋光,3,0.006148,3,0.060000,13,50,50,488
a1,无限制生成,type_c,doubao-seed-2.0-pro,梧桐,3,0.006148,3,0.060000,14,50,50,488
a1,无限制生成,type_c,doubao-seed-2.0-pro,荷香,3,0.006148,3,0.060000,15,50,50,488
a1,无限制生成,type_c,doubao-seed-2.0-pro,斜阳,2,0.004098,2,0.040000,16,50,50,488
a1,无限制生成,type_c,doubao-seed-2.0-pro,轻烟,2,0.004098,2,0.040000,17,50,50,488
a1,无限制生成,type_c,doubao-seed-2.0-pro,归禽,2,0.004098,2,0.040000,18,50,50,488
a1,无限制生成,type_c,doubao-seed-2.0-pro,酒旗,2,0.004098,2,0.040000,19,50,50,488
a1,无限制生成,type_c,doubao-seed-2.0-pro,垂杨,2,0.004098,2,0.040000,20,50,50,488
a1,无限制生成,type_c,gemini-3-flash,流光,6,0.028436,6,0.300000,1,20,20,211
a1,无限制生成,type_c,gemini-3-flash,灵犀,4,0.018957,4,0.200000,2,20,20,211
a1,无限制生成,type_c,gemini-3-flash,露华,3,0.014218,3,0.150000,3,20,20,211
a1,无限制生成,type_c,gemini-3-flash,算法,3,0.014218,3,0.150000,4,20,20,211
a1,无限制生成,type_c,gemini-3-flash,电光,3,0.014218,3,0.150000,5,20,20,211
a1,无限制生成,type_c,gemini-3-flash,星河,3,0.014218,3,0.150000,6,20,20,211
a1,无限制生成,type_c,gemini-3-flash,疏星,3,0.014218,3,0.150000,7,20,20,211
a1,无限制生成,type_c,gemini-3-flash,星辰,2,0.009479,2,0.100000,8,20,20,211
a1,无限制生成,type_c,gemini-3-flash,虚空,2,0.009479,2,0.100000,9,20,20,211
a1,无限制生成,type_c,gemini-3-flash,寒宵,2,0.009479,2,0.100000,10,20,20,211
a1,无限制生成,type_c,gemini-3-flash,孤光,2,0.009479,2,0.100000,11,20,20,211
a1,无限制生成,type_c,gemini-3-flash,代码,2,0.009479,2,0.100000,12,20,20,211
a1,无限制生成,type_c,gemini-3-flash,云端,2,0.009479,2,0.100000,13,20,20,211
a1,无限制生成,type_c,gemini-3-flash,霓虹,2,0.009479,2,0.100000,14,20,20,211
a1,无限制生成,type_c,gemini-3-flash,星斗,2,0.009479,2,0.100000,15,20,20,211
a1,无限制生成,type_c,gemini-3-flash,红尘,2,0.009479,2,0.100000,16,20,20,211
a1,无限制生成,type_c,gemini-3-flash,银屏,2,0.009479,2,0.100000,17,20,20,211
a1,无限制生成,type_c,gemini-3-flash,冰轮,2,0.009479,2,0.100000,18,20,20,211
a1,无限制生成,type_c,gemini-3-flash,冷铁,2,0.009479,2,0.100000,19,20,20,211
a1,无限制生成,type_c,gemini-3-flash,蓬莱,2,0.009479,2,0.100000,20,20,20,211
a1,无限制生成,type_c,gemini-3.1-pro,银河,4,0.042105,4,0.400000,1,10,10,95
a1,无限制生成,type_c,gemini-3.1-pro,星河,3,0.031579,3,0.300000,2,10,10,95
a1,无限制生成,type_c,gemini-3.1-pro,尘寰,2,0.021053,2,0.200000,3,10,10,95
a1,无限制生成,type_c,gemini-3.1-pro,繁星,2,0.021053,2,0.200000,4,10,10,95
a1,无限制生成,type_c,gemini-3.1-pro,流星,2,0.021053,2,0.200000,5,10,10,95
a1,无限制生成,type_c,gemini-3.1-pro,冷月,2,0.021053,2,0.200000,6,10,10,95
a1,无限制生成,type_c,gemini-3.1-pro,琉璃镜,2,0.021053,2,0.200000,7,10,10,95
a1,无限制生成,type_c,gemini-3.1-pro,须弥,2,0.021053,2,0.200000,8,10,10,95
a1,无限制生成,type_c,gemini-3.1-pro,芥子,2,0.021053,2,0.200000,9,10,10,95
a1,无限制生成,type_c,gemini-3.1-pro,浮云,2,0.021053,2,0.200000,10,10,10,95
a1,无限制生成,type_c,gemini-3.1-pro,银汉,1,0.010526,1,0.100000,11,10,10,95
a1,无限制生成,type_c,gemini-3.1-pro,孤影,1,0.010526,1,0.100000,12,10,10,95
a1,无限制生成,type_c,gemini-3.1-pro,飞翼,1,0.010526,1,0.100000,13,10,10,95
a1,无限制生成,type_c,gemini-3.1-pro,星雾,1,0.010526,1,0.100000,14,10,10,95
a1,无限制生成,type_c,gemini-3.1-pro,金声,1,0.010526,1,0.100000,15,10,10,95
a1,无限制生成,type_c,gemini-3.1-pro,铁镜,1,0.010526,1,0.100000,16,10,10,95
a1,无限制生成,type_c,gemini-3.1-pro,玉京,1,0.010526,1,0.100000,17,10,10,95
a1,无限制生成,type_c,gemini-3.1-pro,深空,1,0.010526,1,0.100000,18,10,10,95
a1,无限制生成,type_c,gemini-3.1-pro,夜气,1,0.010526,1,0.100000,19,10,10,95
a1,无限制生成,type_c,gemini-3.1-pro,云海,1,0.010526,1,0.100000,20,10,10,95
a1,无限制生成,type_c,glm-4.7,明月,7,0.013807,7,0.155556,1,45,45,507
a1,无限制生成,type_c,glm-4.7,危楼,6,0.011834,6,0.133333,2,45,45,507
a1,无限制生成,type_c,glm-4.7,暮云,6,0.011834,6,0.133333,3,45,45,507
a1,无限制生成,type_c,glm-4.7,关山,6,0.011834,6,0.133333,4,45,45,507
a1,无限制生成,type_c,glm-4.7,晚风,5,0.009862,5,0.111111,5,45,45,507
a1,无限制生成,type_c,glm-4.7,西风,5,0.009862,5,0.111111,6,45,45,507
a1,无限制生成,type_c,glm-4.7,长空,5,0.009862,5,0.111111,7,45,45,507
a1,无限制生成,type_c,glm-4.7,酒,4,0.007890,4,0.088889,8,45,45,507
a1,无限制生成,type_c,glm-4.7,苍苔,4,0.007890,4,0.088889,9,45,45,507
a1,无限制生成,type_c,glm-4.7,黄昏,4,0.007890,4,0.088889,10,45,45,507
a1,无限制生成,type_c,glm-4.7,云,4,0.007890,4,0.088889,11,45,45,507
a1,无限制生成,type_c,glm-4.7,流光,4,0.007890,4,0.088889,12,45,45,507
a1,无限制生成,type_c,glm-4.7,星河,4,0.007890,4,0.088889,13,45,45,507
a1,无限制生成,type_c,glm-4.7,寒烟,4,0.007890,4,0.088889,14,45,45,507
a1,无限制生成,type_c,glm-4.7,星斗,3,0.005917,3,0.066667,15,45,45,507
a1,无限制生成,type_c,glm-4.7,空山,3,0.005917,3,0.066667,16,45,45,507
a1,无限制生成,type_c,glm-4.7,烟波,3,0.005917,3,0.066667,17,45,45,507
a1,无限制生成,type_c,glm-4.7,霜雪,3,0.005917,3,0.066667,18,45,45,507
a1,无限制生成,type_c,glm-4.7,霓虹,3,0.005917,3,0.066667,19,45,45,507
a1,无限制生成,type_c,glm-4.7,故园,3,0.005917,3,0.066667,20,45,45,507
a1,无限制生成,type_c,glm-5,西风,6,0.011650,6,0.120000,1,50,50,515
a1,无限制生成,type_c,glm-5,明月,6,0.011650,6,0.120000,2,50,50,515
a1,无限制生成,type_c,glm-5,孤舟,6,0.011650,6,0.120000,3,50,50,515
a1,无限制生成,type_c,glm-5,斜阳,6,0.011650,6,0.120000,4,50,50,515
a1,无限制生成,type_c,glm-5,孤灯,5,0.009709,5,0.100000,5,50,50,515
a1,无限制生成,type_c,glm-5,暮云,4,0.007767,4,0.080000,6,50,50,515
a1,无限制生成,type_c,glm-5,阑干,4,0.007767,4,0.080000,7,50,50,515
a1,无限制生成,type_c,glm-5,铁马,4,0.007767,4,0.080000,8,50,50,515
a1,无限制生成,type_c,glm-5,风雨,4,0.007767,4,0.080000,9,50,50,515
a1,无限制生成,type_c,glm-5,寒江,3,0.005825,3,0.060000,10,50,50,515
a1,无限制生成,type_c,glm-5,危楼,3,0.005825,3,0.060000,11,50,50,515
a1,无限制生成,type_c,glm-5,逝水,3,0.005825,3,0.060000,12,50,50,515
a1,无限制生成,type_c,glm-5,黄叶,3,0.005825,3,0.060000,13,50,50,515
a1,无限制生成,type_c,glm-5,星河,3,0.005825,3,0.060000,14,50,50,515
a1,无限制生成,type_c,glm-5,暮色,3,0.005825,3,0.060000,15,50,50,515
a1,无限制生成,type_c,glm-5,霜风,3,0.005825,3,0.060000,16,50,50,515
a1,无限制生成,type_c,glm-5,梅花,3,0.005825,3,0.060000,17,50,50,515
a1,无限制生成,type_c,glm-5,清风,3,0.005825,3,0.060000,18,50,50,515
a1,无限制生成,type_c,glm-5,疏雨,3,0.005825,3,0.060000,19,50,50,515
a1,无限制生成,type_c,glm-5,苍苔,3,0.005825,3,0.060000,20,50,50,515
a1,无限制生成,type_c,gpt-5.4-high,薄雾,1,0.052632,1,0.500000,1,2,2,19
a1,无限制生成,type_c,gpt-5.4-high,短篷,1,0.052632,1,0.500000,2,2,2,19
a1,无限制生成,type_c,gpt-5.4-high,小滩,1,0.052632,1,0.500000,3,2,2,19
a1,无限制生成,type_c,gpt-5.4-high,螺红,1,0.052632,1,0.500000,4,2,2,19
a1,无限制生成,type_c,gpt-5.4-high,鸥影,1,0.052632,1,0.500000,5,2,2,19
a1,无限制生成,type_c,gpt-5.4-high,烟空,1,0.052632,1,0.500000,6,2,2,19
a1,无限制生成,type_c,gpt-5.4-high,铁笛,1,0.052632,1,0.500000,7,2,2,19
a1,无限制生成,type_c,gpt-5.4-high,秋风,1,0.052632,1,0.500000,8,2,2,19
a1,无限制生成,type_c,gpt-5.4-high,渔唱,1,0.052632,1,0.500000,9,2,2,19
a1,无限制生成,type_c,gpt-5.4-high,霜钟,1,0.052632,1,0.500000,10,2,2,19
a1,无限制生成,type_c,gpt-5.4-high,短棹,1,0.052632,1,0.500000,11,2,2,19
a1,无限制生成,type_c,gpt-5.4-high,风月,1,0.052632,1,0.500000,12,2,2,19
a1,无限制生成,type_c,gpt-5.4-high,酒旗,1,0.052632,1,0.500000,13,2,2,19
a1,无限制生成,type_c,gpt-5.4-high,水烟,1,0.052632,1,0.500000,14,2,2,19
a1,无限制生成,type_c,gpt-5.4-high,灯火,1,0.052632,1,0.500000,15,2,2,19
a1,无限制生成,type_c,gpt-5.4-high,秋虫,1,0.052632,1,0.500000,16,2,2,19
a1,无限制生成,type_c,gpt-5.4-high,旧谱,1,0.052632,1,0.500000,17,2,2,19
a1,无限制生成,type_c,gpt-5.4-high,归人,1,0.052632,1,0.500000,18,2,2,19
a1,无限制生成,type_c,gpt-5.4-high,梧桐,1,0.052632,1,0.500000,19,2,2,19
a1,无限制生成,type_c,kimi-k2.5,流光,8,0.022284,8,0.285714,1,28,28,359
a1,无限制生成,type_c,kimi-k2.5,荧屏,6,0.016713,6,0.214286,2,28,28,359
a1,无限制生成,type_c,kimi-k2.5,银河,5,0.013928,5,0.178571,3,28,28,359
a1,无限制生成,type_c,kimi-k2.5,银汉,4,0.011142,4,0.142857,4,28,28,359
a1,无限制生成,type_c,kimi-k2.5,星槎,4,0.011142,4,0.142857,5,28,28,359
a1,无限制生成,type_c,kimi-k2.5,霓裳,4,0.011142,4,0.142857,6,28,28,359
a1,无限制生成,type_c,kimi-k2.5,代码,4,0.011142,4,0.142857,7,28,28,359
a1,无限制生成,type_c,kimi-k2.5,数据流,4,0.011142,4,0.142857,8,28,28,359
a1,无限制生成,type_c,kimi-k2.5,星河,4,0.011142,4,0.142857,9,28,28,359
a1,无限制生成,type_c,kimi-k2.5,琉璃,3,0.008357,3,0.107143,10,28,28,359
a1,无限制生成,type_c,kimi-k2.5,广寒宫,3,0.008357,3,0.107143,11,28,28,359
a1,无限制生成,type_c,kimi-k2.5,蓬山,3,0.008357,3,0.107143,12,28,28,359
a1,无限制生成,type_c,kimi-k2.5,桑田,3,0.008357,3,0.107143,13,28,28,359
a1,无限制生成,type_c,kimi-k2.5,斜阳,3,0.008357,3,0.107143,14,28,28,359
a1,无限制生成,type_c,kimi-k2.5,屏幕,3,0.008357,3,0.107143,15,28,28,359
a1,无限制生成,type_c,kimi-k2.5,算法,3,0.008357,3,0.107143,16,28,28,359
a1,无限制生成,type_c,kimi-k2.5,灯火,3,0.008357,3,0.107143,17,28,28,359
a1,无限制生成,type_c,kimi-k2.5,西风,3,0.008357,3,0.107143,18,28,28,359
a1,无限制生成,type_c,kimi-k2.5,云帆,2,0.005571,2,0.071429,19,28,28,359
a1,无限制生成,type_c,kimi-k2.5,萤焰,2,0.005571,2,0.071429,20,28,28,359
a1,无限制生成,type_c,qwen3-max,芦花,37,0.057994,37,0.770833,1,48,48,638
a1,无限制生成,type_c,qwen3-max,西风,30,0.047022,30,0.625000,2,48,48,638
a1,无限制生成,type_c,qwen3-max,孤舟,26,0.040752,26,0.541667,3,48,48,638
a1,无限制生成,type_c,qwen3-max,烟水,21,0.032915,21,0.437500,4,48,48,638
a1,无限制生成,type_c,qwen3-max,渔灯,17,0.026646,17,0.354167,5,48,48,638
a1,无限制生成,type_c,qwen3-max,明月,16,0.025078,16,0.333333,6,48,48,638
a1,无限制生成,type_c,qwen3-max,渔笛,15,0.023511,15,0.312500,7,48,48,638
a1,无限制生成,type_c,qwen3-max,烟波,13,0.020376,13,0.270833,8,48,48,638
a1,无限制生成,type_c,qwen3-max,星影,12,0.018809,12,0.250000,9,48,48,638
a1,无限制生成,type_c,qwen3-max,寒江,10,0.015674,10,0.208333,10,48,48,638
a1,无限制生成,type_c,qwen3-max,黄芦,9,0.014107,9,0.187500,11,48,48,638
a1,无限制生成,type_c,qwen3-max,霜月,8,0.012539,8,0.166667,12,48,48,638
a1,无限制生成,type_c,qwen3-max,篷窗,8,0.012539,8,0.166667,13,48,48,638
a1,无限制生成,type_c,qwen3-max,雁声,8,0.012539,8,0.166667,14,48,48,638
a1,无限制生成,type_c,qwen3-max,孤灯,8,0.012539,8,0.166667,15,48,48,638
a1,无限制生成,type_c,qwen3-max,霜天,7,0.010972,7,0.145833,16,48,48,638
a1,无限制生成,type_c,qwen3-max,青山,7,0.010972,7,0.145833,17,48,48,638
a1,无限制生成,type_c,qwen3-max,星河,6,0.009404,6,0.125000,18,48,48,638
a1,无限制生成,type_c,qwen3-max,雁字,6,0.009404,6,0.125000,19,48,48,638
a1,无限制生成,type_c,qwen3-max,危樯,6,0.009404,6,0.125000,20,48,48,638
a1,无限制生成,type_c,qwen3.5-flash,雁字,11,0.016566,11,0.220000,1,50,50,664
a1,无限制生成,type_c,qwen3.5-flash,孤舟,9,0.013554,9,0.180000,2,50,50,664
a1,无限制生成,type_c,qwen3.5-flash,暮雨,9,0.013554,9,0.180000,3,50,50,664
a1,无限制生成,type_c,qwen3.5-flash,落叶,7,0.010542,7,0.140000,4,50,50,664
a1,无限制生成,type_c,qwen3.5-flash,明月,6,0.009036,6,0.120000,5,50,50,664
a1,无限制生成,type_c,qwen3.5-flash,烟波,6,0.009036,6,0.120000,6,50,50,664
a1,无限制生成,type_c,qwen3.5-flash,西风,6,0.009036,6,0.120000,7,50,50,664
a1,无限制生成,type_c,qwen3.5-flash,寒蛩,5,0.007530,5,0.100000,8,50,50,664
a1,无限制生成,type_c,qwen3.5-flash,冷月,5,0.007530,5,0.100000,9,50,50,664
a1,无限制生成,type_c,qwen3.5-flash,孤灯,5,0.007530,5,0.100000,10,50,50,664
a1,无限制生成,type_c,qwen3.5-flash,霜华,5,0.007530,5,0.100000,11,50,50,664
a1,无限制生成,type_c,qwen3.5-flash,青山,5,0.007530,5,0.100000,12,50,50,664
a1,无限制生成,type_c,qwen3.5-flash,疏星,5,0.007530,5,0.100000,13,50,50,664
a1,无限制生成,type_c,qwen3.5-flash,远岫,5,0.007530,5,0.100000,14,50,50,664
a1,无限制生成,type_c,qwen3.5-flash,孤鸿,5,0.007530,5,0.100000,15,50,50,664
a1,无限制生成,type_c,qwen3.5-flash,柳岸,4,0.006024,4,0.080000,16,50,50,664
a1,无限制生成,type_c,qwen3.5-flash,寒霜,4,0.006024,4,0.080000,17,50,50,664
a1,无限制生成,type_c,qwen3.5-flash,云,4,0.006024,4,0.080000,18,50,50,664
a1,无限制生成,type_c,qwen3.5-flash,斜阳,4,0.006024,4,0.080000,19,50,50,664
a1,无限制生成,type_c,qwen3.5-flash,烛影,4,0.006024,4,0.080000,20,50,50,664
a1,无限制生成,type_c,qwen3.6-plus,孤舟,13,0.019727,13,0.265306,1,49,49,659
a1,无限制生成,type_c,qwen3.6-plus,雁字,13,0.019727,13,0.265306,2,49,49,659
a1,无限制生成,type_c,qwen3.6-plus,西风,12,0.018209,12,0.244898,3,49,49,659
a1,无限制生成,type_c,qwen3.6-plus,芦花,11,0.016692,11,0.224490,4,49,49,659
a1,无限制生成,type_c,qwen3.6-plus,星斗,9,0.013657,9,0.183673,5,49,49,659
a1,无限制生成,type_c,qwen3.6-plus,星槎,9,0.013657,9,0.183673,6,49,49,659
a1,无限制生成,type_c,qwen3.6-plus,暮云,8,0.012140,8,0.163265,7,49,49,659
a1,无限制生成,type_c,qwen3.6-plus,汀洲,8,0.012140,8,0.163265,8,49,49,659
a1,无限制生成,type_c,qwen3.6-plus,烟波,7,0.010622,7,0.142857,9,49,49,659
a1,无限制生成,type_c,qwen3.6-plus,明月,7,0.010622,7,0.142857,10,49,49,659
a1,无限制生成,type_c,qwen3.6-plus,孤灯,6,0.009105,6,0.122449,11,49,49,659
a1,无限制生成,type_c,qwen3.6-plus,寒霜,5,0.007587,5,0.102041,12,49,49,659
a1,无限制生成,type_c,qwen3.6-plus,江潮,5,0.007587,5,0.102041,13,49,49,659
a1,无限制生成,type_c,qwen3.6-plus,霜天,5,0.007587,5,0.102041,14,49,49,659
a1,无限制生成,type_c,qwen3.6-plus,霜林,5,0.007587,5,0.102041,15,49,49,659
a1,无限制生成,type_c,qwen3.6-plus,长天,5,0.007587,5,0.102041,16,49,49,659
a1,无限制生成,type_c,qwen3.6-plus,枫林,5,0.007587,5,0.102041,17,49,49,659
a1,无限制生成,type_c,qwen3.6-plus,流水,5,0.007587,5,0.102041,18,49,49,659
a1,无限制生成,type_c,qwen3.6-plus,落叶,5,0.007587,5,0.102041,19,49,49,659
a1,无限制生成,type_c,qwen3.6-plus,寒砧,5,0.007587,5,0.102041,20,49,49,659
b1,五词牌-无主题,type_b,deepseek-3.2-thinking,明月,44,0.021474,44,0.220000,1,200,200,2049
b1,五词牌-无主题,type_b,deepseek-3.2-thinking,暮云,26,0.012689,26,0.130000,2,200,200,2049
b1,五词牌-无主题,type_b,deepseek-3.2-thinking,数据,24,0.011713,24,0.120000,3,200,200,2049
b1,五词牌-无主题,type_b,deepseek-3.2-thinking,星河,21,0.010249,21,0.105000,4,200,200,2049
b1,五词牌-无主题,type_b,deepseek-3.2-thinking,青山,21,0.010249,21,0.105000,5,200,200,2049
b1,五词牌-无主题,type_b,deepseek-3.2-thinking,代码,21,0.010249,21,0.105000,6,200,200,2049
b1,五词牌-无主题,type_b,deepseek-3.2-thinking,斜阳,19,0.009273,19,0.095000,7,200,200,2049
b1,五词牌-无主题,type_b,deepseek-3.2-thinking,孤舟,17,0.008297,17,0.085000,8,200,200,2049
b1,五词牌-无主题,type_b,deepseek-3.2-thinking,星斗,17,0.008297,17,0.085000,9,200,200,2049
b1,五词牌-无主题,type_b,deepseek-3.2-thinking,清风,15,0.007321,15,0.075000,10,200,200,2049
b1,五词牌-无主题,type_b,deepseek-3.2-thinking,算法,15,0.007321,15,0.075000,11,200,200,2049
b1,五词牌-无主题,type_b,deepseek-3.2-thinking,西风,14,0.006833,14,0.070000,12,200,200,2049
b1,五词牌-无主题,type_b,deepseek-3.2-thinking,暮色,13,0.006345,13,0.065000,13,200,200,2049
b1,五词牌-无主题,type_b,deepseek-3.2-thinking,流水,13,0.006345,13,0.065000,14,200,200,2049
b1,五词牌-无主题,type_b,deepseek-3.2-thinking,夜色,13,0.006345,13,0.065000,15,200,200,2049
b1,五词牌-无主题,type_b,deepseek-3.2-thinking,孤灯,12,0.005857,12,0.060000,16,200,200,2049
b1,五词牌-无主题,type_b,deepseek-3.2-thinking,危栏,12,0.005857,12,0.060000,17,200,200,2049
b1,五词牌-无主题,type_b,deepseek-3.2-thinking,网络,12,0.005857,12,0.060000,18,200,200,2049
b1,五词牌-无主题,type_b,deepseek-3.2-thinking,清辉,11,0.005368,11,0.055000,19,200,200,2049
b1,五词牌-无主题,type_b,deepseek-3.2-thinking,枫叶,11,0.005368,11,0.055000,20,200,200,2049
b1,五词牌-无主题,type_b,doubao-seed-2.0-pro,西风,24,0.009971,24,0.120000,1,200,200,2407
b1,五词牌-无主题,type_b,doubao-seed-2.0-pro,疏钟,23,0.009555,23,0.115000,2,200,200,2407
b1,五词牌-无主题,type_b,doubao-seed-2.0-pro,汀洲,23,0.009555,23,0.115000,3,200,200,2407
b1,五词牌-无主题,type_b,doubao-seed-2.0-pro,明月,20,0.008309,20,0.100000,4,200,200,2407
b1,五词牌-无主题,type_b,doubao-seed-2.0-pro,篱菊,20,0.008309,20,0.100000,5,200,200,2407
b1,五词牌-无主题,type_b,doubao-seed-2.0-pro,孤篷,19,0.007894,19,0.095000,6,200,200,2407
b1,五词牌-无主题,type_b,doubao-seed-2.0-pro,归鸿,16,0.006647,16,0.080000,7,200,200,2407
b1,五词牌-无主题,type_b,doubao-seed-2.0-pro,丹枫,16,0.006647,16,0.080000,8,200,200,2407
b1,五词牌-无主题,type_b,doubao-seed-2.0-pro,阑干,15,0.006232,15,0.075000,9,200,200,2407
b1,五词牌-无主题,type_b,doubao-seed-2.0-pro,归雁,15,0.006232,15,0.075000,10,200,200,2407
b1,五词牌-无主题,type_b,doubao-seed-2.0-pro,归帆,14,0.005816,14,0.070000,11,200,200,2407
b1,五词牌-无主题,type_b,doubao-seed-2.0-pro,荻花,14,0.005816,14,0.070000,12,200,200,2407
b1,五词牌-无主题,type_b,doubao-seed-2.0-pro,霜风,13,0.005401,13,0.065000,13,200,200,2407
b1,五词牌-无主题,type_b,doubao-seed-2.0-pro,家山,13,0.005401,13,0.065000,14,200,200,2407
b1,五词牌-无主题,type_b,doubao-seed-2.0-pro,芦花,13,0.005401,13,0.065000,15,200,200,2407
b1,五词牌-无主题,type_b,doubao-seed-2.0-pro,渔灯,13,0.005401,13,0.065000,16,200,200,2407
b1,五词牌-无主题,type_b,doubao-seed-2.0-pro,雁字,13,0.005401,13,0.065000,17,200,200,2407
b1,五词牌-无主题,type_b,doubao-seed-2.0-pro,雁影,13,0.005401,13,0.065000,18,200,200,2407
b1,五词牌-无主题,type_b,doubao-seed-2.0-pro,渔歌,13,0.005401,13,0.065000,19,200,200,2407
b1,五词牌-无主题,type_b,doubao-seed-2.0-pro,落木,13,0.005401,13,0.065000,20,200,200,2407
b1,五词牌-无主题,type_b,glm-5,斜阳,18,0.017459,18,0.183673,1,98,98,1031
b1,五词牌-无主题,type_b,glm-5,阑干,15,0.014549,15,0.153061,2,98,98,1031
b1,五词牌-无主题,type_b,glm-5,西风,15,0.014549,15,0.153061,3,98,98,1031
b1,五词牌-无主题,type_b,glm-5,明月,15,0.014549,15,0.153061,4,98,98,1031
b1,五词牌-无主题,type_b,glm-5,梅花,9,0.008729,9,0.091837,5,98,98,1031
b1,五词牌-无主题,type_b,glm-5,闲云,9,0.008729,9,0.091837,6,98,98,1031
b1,五词牌-无主题,type_b,glm-5,烟水,9,0.008729,9,0.091837,7,98,98,1031
b1,五词牌-无主题,type_b,glm-5,孤舟,9,0.008729,9,0.091837,8,98,98,1031
b1,五词牌-无主题,type_b,glm-5,流水,9,0.008729,9,0.091837,9,98,98,1031
b1,五词牌-无主题,type_b,glm-5,危楼,9,0.008729,9,0.091837,10,98,98,1031
b1,五词牌-无主题,type_b,glm-5,夜雨,8,0.007759,8,0.081633,11,98,98,1031
b1,五词牌-无主题,type_b,glm-5,楚天,7,0.006790,7,0.071429,12,98,98,1031
b1,五词牌-无主题,type_b,glm-5,青山,7,0.006790,7,0.071429,13,98,98,1031
b1,五词牌-无主题,type_b,glm-5,暮色,7,0.006790,7,0.071429,14,98,98,1031
b1,五词牌-无主题,type_b,glm-5,清风,7,0.006790,7,0.071429,15,98,98,1031
b1,五词牌-无主题,type_b,glm-5,浮云,7,0.006790,7,0.071429,16,98,98,1031
b1,五词牌-无主题,type_b,glm-5,落日,6,0.005820,6,0.061224,17,98,98,1031
b1,五词牌-无主题,type_b,glm-5,暮云,6,0.005820,6,0.061224,18,98,98,1031
b1,五词牌-无主题,type_b,glm-5,空山,6,0.005820,6,0.061224,19,98,98,1031
b1,五词牌-无主题,type_b,glm-5,长空,6,0.005820,6,0.061224,20,98,98,1031
b1,五词牌-无主题,type_b,qwen3.6-plus,孤舟,54,0.021086,54,0.287234,1,188,188,2561
b1,五词牌-无主题,type_b,qwen3.6-plus,雁字,49,0.019133,49,0.260638,2,188,188,2561
b1,五词牌-无主题,type_b,qwen3.6-plus,芦花,41,0.016009,41,0.218085,3,188,188,2561
b1,五词牌-无主题,type_b,qwen3.6-plus,暮云,39,0.015228,39,0.207447,4,188,188,2561
b1,五词牌-无主题,type_b,qwen3.6-plus,荻花,37,0.014447,37,0.196809,5,188,188,2561
b1,五词牌-无主题,type_b,qwen3.6-plus,明月,29,0.011324,29,0.154255,6,188,188,2561
b1,五词牌-无主题,type_b,qwen3.6-plus,西风,29,0.011324,29,0.154255,7,188,188,2561
b1,五词牌-无主题,type_b,qwen3.6-plus,长亭,28,0.010933,28,0.148936,8,188,188,2561
b1,五词牌-无主题,type_b,qwen3.6-plus,烟波,22,0.008590,22,0.117021,9,188,188,2561
b1,五词牌-无主题,type_b,qwen3.6-plus,寒星,21,0.008200,21,0.111702,10,188,188,2561
b1,五词牌-无主题,type_b,qwen3.6-plus,霜林,20,0.007809,20,0.106383,11,188,188,2561
b1,五词牌-无主题,type_b,qwen3.6-plus,星斗,20,0.007809,20,0.106383,12,188,188,2561
b1,五词牌-无主题,type_b,qwen3.6-plus,孤棹,20,0.007809,20,0.106383,13,188,188,2561
b1,五词牌-无主题,type_b,qwen3.6-plus,寒江,19,0.007419,19,0.101064,14,188,188,2561
b1,五词牌-无主题,type_b,qwen3.6-plus,远岫,18,0.007029,18,0.095745,15,188,188,2561
b1,五词牌-无主题,type_b,qwen3.6-plus,孤帆,17,0.006638,17,0.090426,16,188,188,2561
b1,五词牌-无主题,type_b,qwen3.6-plus,雁阵,16,0.006248,16,0.085106,17,188,188,2561
b1,五词牌-无主题,type_b,qwen3.6-plus,冷月,15,0.005857,15,0.079787,18,188,188,2561
b1,五词牌-无主题,type_b,qwen3.6-plus,清秋,15,0.005857,15,0.079787,19,188,188,2561
b1,五词牌-无主题,type_b,qwen3.6-plus,长风,14,0.005467,14,0.074468,20,188,188,2561
b2,五词牌-改革主题,type_d,deepseek-3.2-thinking,春风,25,0.025000,25,0.125000,1,200,200,1000
b2,五词牌-改革主题,type_d,deepseek-3.2-thinking,晨钟,23,0.023000,23,0.115000,2,200,200,1000
b2,五词牌-改革主题,type_d,deepseek-3.2-thinking,暮鼓,22,0.022000,22,0.110000,3,200,200,1000
b2,五词牌-改革主题,type_d,deepseek-3.2-thinking,宗门,18,0.018000,18,0.090000,4,200,200,1000
b2,五词牌-改革主题,type_d,deepseek-3.2-thinking,剑气,16,0.016000,16,0.080000,5,200,200,1000
b2,五词牌-改革主题,type_d,deepseek-3.2-thinking,明月,14,0.014000,14,0.070000,6,200,200,1000
b2,五词牌-改革主题,type_d,deepseek-3.2-thinking,樊笼,13,0.013000,13,0.065000,7,200,200,1000
b2,五词牌-改革主题,type_d,deepseek-3.2-thinking,剑光,13,0.013000,13,0.065000,8,200,200,1000
b2,五词牌-改革主题,type_d,deepseek-3.2-thinking,剑影,12,0.012000,12,0.060000,9,200,200,1000
b2,五词牌-改革主题,type_d,deepseek-3.2-thinking,长空,12,0.012000,12,0.060000,10,200,200,1000
b2,五词牌-改革主题,type_d,deepseek-3.2-thinking,仙山,12,0.012000,12,0.060000,11,200,200,1000
b2,五词牌-改革主题,type_d,deepseek-3.2-thinking,风雨,12,0.012000,12,0.060000,12,200,200,1000
b2,五词牌-改革主题,type_d,deepseek-3.2-thinking,铁律,11,0.011000,11,0.055000,13,200,200,1000
b2,五词牌-改革主题,type_d,deepseek-3.2-thinking,旧制,11,0.011000,11,0.055000,14,200,200,1000
b2,五词牌-改革主题,type_d,deepseek-3.2-thinking,宗规,11,0.011000,11,0.055000,15,200,200,1000
b2,五词牌-改革主题,type_d,deepseek-3.2-thinking,长风,10,0.010000,10,0.050000,16,200,200,1000
b2,五词牌-改革主题,type_d,deepseek-3.2-thinking,灵山,9,0.009000,9,0.045000,17,200,200,1000
b2,五词牌-改革主题,type_d,deepseek-3.2-thinking,长夜,8,0.008000,8,0.040000,18,200,200,1000
b2,五词牌-改革主题,type_d,deepseek-3.2-thinking,云山,8,0.008000,8,0.040000,19,200,200,1000
b2,五词牌-改革主题,type_d,deepseek-3.2-thinking,云雾,8,0.008000,8,0.040000,20,200,200,1000
b2,五词牌-改革主题,type_d,doubao-seed-2.0-pro,樊笼,26,0.018937,26,0.130000,1,200,200,1373
b2,五词牌-改革主题,type_d,doubao-seed-2.0-pro,劫火,23,0.016752,23,0.115000,2,200,200,1373
b2,五词牌-改革主题,type_d,doubao-seed-2.0-pro,松风,21,0.015295,21,0.105000,3,200,200,1373
b2,五词牌-改革主题,type_d,doubao-seed-2.0-pro,雏鹰,18,0.013110,18,0.090000,4,200,200,1373
b2,五词牌-改革主题,type_d,doubao-seed-2.0-pro,云,17,0.012382,17,0.085000,5,200,200,1373
b2,五词牌-改革主题,type_d,doubao-seed-2.0-pro,丹台,17,0.012382,17,0.085000,6,200,200,1373
b2,五词牌-改革主题,type_d,doubao-seed-2.0-pro,鹤,15,0.010925,15,0.075000,7,200,200,1373
b2,五词牌-改革主题,type_d,doubao-seed-2.0-pro,松阶,15,0.010925,15,0.075000,8,200,200,1373
b2,五词牌-改革主题,type_d,doubao-seed-2.0-pro,殿角,14,0.010197,14,0.070000,9,200,200,1373
b2,五词牌-改革主题,type_d,doubao-seed-2.0-pro,灵根,13,0.009468,13,0.065000,10,200,200,1373
b2,五词牌-改革主题,type_d,doubao-seed-2.0-pro,阑干,13,0.009468,13,0.065000,11,200,200,1373
b2,五词牌-改革主题,type_d,doubao-seed-2.0-pro,青衿,12,0.008740,12,0.060000,12,200,200,1373
b2,五词牌-改革主题,type_d,doubao-seed-2.0-pro,剑影,10,0.007283,10,0.050000,13,200,200,1373
b2,五词牌-改革主题,type_d,doubao-seed-2.0-pro,星坛,10,0.007283,10,0.050000,14,200,200,1373
b2,五词牌-改革主题,type_d,doubao-seed-2.0-pro,霜月,10,0.007283,10,0.050000,15,200,200,1373
b2,五词牌-改革主题,type_d,doubao-seed-2.0-pro,霜风,10,0.007283,10,0.050000,16,200,200,1373
b2,五词牌-改革主题,type_d,doubao-seed-2.0-pro,灵苗,10,0.007283,10,0.050000,17,200,200,1373
b2,五词牌-改革主题,type_d,doubao-seed-2.0-pro,雾,9,0.006555,9,0.045000,18,200,200,1373
b2,五词牌-改革主题,type_d,doubao-seed-2.0-pro,明月,9,0.006555,9,0.045000,19,200,200,1373
b2,五词牌-改革主题,type_d,doubao-seed-2.0-pro,松影,9,0.006555,9,0.045000,20,200,200,1373
b2,五词牌-改革主题,type_d,gemini-3.1-pro,清规,2,0.051282,2,0.500000,1,4,4,39
b2,五词牌-改革主题,type_d,gemini-3.1-pro,剑气,2,0.051282,2,0.500000,2,4,4,39
b2,五词牌-改革主题,type_d,gemini-3.1-pro,仙阶,1,0.025641,1,0.250000,3,4,4,39
b2,五词牌-改革主题,type_d,gemini-3.1-pro,千山雪,1,0.025641,1,0.250000,4,4,4,39
b2,五词牌-改革主题,type_d,gemini-3.1-pro,灵犀,1,0.025641,1,0.250000,5,4,4,39
b2,五词牌-改革主题,type_d,gemini-3.1-pro,剑光,1,0.025641,1,0.250000,6,4,4,39
b2,五词牌-改革主题,type_d,gemini-3.1-pro,劫风,1,0.025641,1,0.250000,7,4,4,39
b2,五词牌-改革主题,type_d,gemini-3.1-pro,险关,1,0.025641,1,0.250000,8,4,4,39
b2,五词牌-改革主题,type_d,gemini-3.1-pro,高堂,1,0.025641,1,0.250000,9,4,4,39
b2,五词牌-改革主题,type_d,gemini-3.1-pro,霜叶,1,0.025641,1,0.250000,10,4,4,39
b2,五词牌-改革主题,type_d,gemini-3.1-pro,青云,1,0.025641,1,0.250000,11,4,4,39
b2,五词牌-改革主题,type_d,gemini-3.1-pro,十二楼台,1,0.025641,1,0.250000,12,4,4,39
b2,五词牌-改革主题,type_d,gemini-3.1-pro,冰壁,1,0.025641,1,0.250000,13,4,4,39
b2,五词牌-改革主题,type_d,gemini-3.1-pro,羁魂,1,0.025641,1,0.250000,14,4,4,39
b2,五词牌-改革主题,type_d,gemini-3.1-pro,烽烟,1,0.025641,1,0.250000,15,4,4,39
b2,五词牌-改革主题,type_d,gemini-3.1-pro,险路,1,0.025641,1,0.250000,16,4,4,39
b2,五词牌-改革主题,type_d,gemini-3.1-pro,霜规,1,0.025641,1,0.250000,17,4,4,39
b2,五词牌-改革主题,type_d,gemini-3.1-pro,千峰,1,0.025641,1,0.250000,18,4,4,39
b2,五词牌-改革主题,type_d,gemini-3.1-pro,风雪,1,0.025641,1,0.250000,19,4,4,39
b2,五词牌-改革主题,type_d,gemini-3.1-pro,青冥,1,0.025641,1,0.250000,20,4,4,39
b2,五词牌-改革主题,type_d,glm-5,樊笼,23,0.053991,23,0.365079,1,63,63,426
b2,五词牌-改革主题,type_d,glm-5,剑气,13,0.030516,13,0.206349,2,63,63,426
b2,五词牌-改革主题,type_d,glm-5,清规,10,0.023474,10,0.158730,3,63,63,426
b2,五词牌-改革主题,type_d,glm-5,灵台,8,0.018779,8,0.126984,4,63,63,426
b2,五词牌-改革主题,type_d,glm-5,稚子,6,0.014085,6,0.095238,5,63,63,426
b2,五词牌-改革主题,type_d,glm-5,霜锋,5,0.011737,5,0.079365,6,63,63,426
b2,五词牌-改革主题,type_d,glm-5,妖氛,5,0.011737,5,0.079365,7,63,63,426
b2,五词牌-改革主题,type_d,glm-5,重关,4,0.009390,4,0.063492,8,63,63,426
b2,五词牌-改革主题,type_d,glm-5,危楼,4,0.009390,4,0.063492,9,63,63,426
b2,五词牌-改革主题,type_d,glm-5,烽烟,4,0.009390,4,0.063492,10,63,63,426
b2,五词牌-改革主题,type_d,glm-5,寒云,4,0.009390,4,0.063492,11,63,63,426
b2,五词牌-改革主题,type_d,glm-5,阑干,4,0.009390,4,0.063492,12,63,63,426
b2,五词牌-改革主题,type_d,glm-5,劫火,4,0.009390,4,0.063492,13,63,63,426
b2,五词牌-改革主题,type_d,glm-5,妖雾,4,0.009390,4,0.063492,14,63,63,426
b2,五词牌-改革主题,type_d,glm-5,风雨,4,0.009390,4,0.063492,15,63,63,426
b2,五词牌-改革主题,type_d,glm-5,西风,4,0.009390,4,0.063492,16,63,63,426
b2,五词牌-改革主题,type_d,glm-5,剑影,4,0.009390,4,0.063492,17,63,63,426
b2,五词牌-改革主题,type_d,glm-5,寒霜,4,0.009390,4,0.063492,18,63,63,426
b2,五词牌-改革主题,type_d,glm-5,云,4,0.009390,4,0.063492,19,63,63,426
b2,五词牌-改革主题,type_d,glm-5,云端,3,0.007042,3,0.047619,20,63,63,426
b2,五词牌-改革主题,type_d,qwen3.6-plus,铁律,32,0.016798,32,0.198758,1,161,161,1905
b2,五词牌-改革主题,type_d,qwen3.6-plus,青衿,30,0.015748,30,0.186335,2,161,161,1905
b2,五词牌-改革主题,type_d,qwen3.6-plus,星斗,30,0.015748,30,0.186335,3,161,161,1905
b2,五词牌-改革主题,type_d,qwen3.6-plus,剑阁,29,0.015223,29,0.180124,4,161,161,1905
b2,五词牌-改革主题,type_d,qwen3.6-plus,灵根,28,0.014698,28,0.173913,5,161,161,1905
b2,五词牌-改革主题,type_d,qwen3.6-plus,劫火,27,0.014173,27,0.167702,6,161,161,1905
b2,五词牌-改革主题,type_d,qwen3.6-plus,重关,23,0.012073,23,0.142857,7,161,161,1905
b2,五词牌-改革主题,type_d,qwen3.6-plus,剑阵,19,0.009974,19,0.118012,8,161,161,1905
b2,五词牌-改革主题,type_d,qwen3.6-plus,霜刃,18,0.009449,18,0.111801,9,161,161,1905
b2,五词牌-改革主题,type_d,qwen3.6-plus,青锋,18,0.009449,18,0.111801,10,161,161,1905
b2,五词牌-改革主题,type_d,qwen3.6-plus,寒霜,18,0.009449,18,0.111801,11,161,161,1905
b2,五词牌-改革主题,type_d,qwen3.6-plus,长风,18,0.009449,18,0.111801,12,161,161,1905
b2,五词牌-改革主题,type_d,qwen3.6-plus,春风,16,0.008399,16,0.099379,13,161,161,1905
b2,五词牌-改革主题,type_d,qwen3.6-plus,丹炉,15,0.007874,15,0.093168,14,161,161,1905
b2,五词牌-改革主题,type_d,qwen3.6-plus,松涛,15,0.007874,15,0.093168,15,161,161,1905
b2,五词牌-改革主题,type_d,qwen3.6-plus,剑气,15,0.007874,15,0.093168,16,161,161,1905
b2,五词牌-改革主题,type_d,qwen3.6-plus,霜,14,0.007349,14,0.086957,17,161,161,1905
b2,五词牌-改革主题,type_d,qwen3.6-plus,孤灯,14,0.007349,14,0.086957,18,161,161,1905
b2,五词牌-改革主题,type_d,qwen3.6-plus,星槎,13,0.006824,13,0.080745,19,161,161,1905
b2,五词牌-改革主题,type_d,qwen3.6-plus,清规,12,0.006299,12,0.074534,20,161,161,1905
b3,五词牌-玉兰主题,type_d,deepseek-3.2-thinking,玉兰,153,0.143797,153,0.765000,1,200,200,1064
b3,五词牌-玉兰主题,type_d,deepseek-3.2-thinking,玉树,37,0.034774,37,0.185000,2,200,200,1064
b3,五词牌-玉兰主题,type_d,deepseek-3.2-thinking,风霜,28,0.026316,28,0.140000,3,200,200,1064
b3,五词牌-玉兰主题,type_d,deepseek-3.2-thinking,清香,28,0.026316,28,0.140000,4,200,200,1064
b3,五词牌-玉兰主题,type_d,deepseek-3.2-thinking,春风,26,0.024436,26,0.130000,5,200,200,1064
b3,五词牌-玉兰主题,type_d,deepseek-3.2-thinking,风雨,23,0.021617,23,0.115000,6,200,200,1064
b3,五词牌-玉兰主题,type_d,deepseek-3.2-thinking,书窗,18,0.016917,18,0.090000,7,200,200,1064
b3,五词牌-玉兰主题,type_d,deepseek-3.2-thinking,白雪,17,0.015977,17,0.085000,8,200,200,1064
b3,五词牌-玉兰主题,type_d,deepseek-3.2-thinking,幽香,16,0.015038,16,0.080000,9,200,200,1064
b3,五词牌-玉兰主题,type_d,deepseek-3.2-thinking,明月,16,0.015038,16,0.080000,10,200,200,1064
b3,五词牌-玉兰主题,type_d,deepseek-3.2-thinking,春寒,14,0.013158,14,0.070000,11,200,200,1064
b3,五词牌-玉兰主题,type_d,deepseek-3.2-thinking,琼枝,14,0.013158,14,0.070000,12,200,200,1064
b3,五词牌-玉兰主题,type_d,deepseek-3.2-thinking,寒窗,14,0.013158,14,0.070000,13,200,200,1064
b3,五词牌-玉兰主题,type_d,deepseek-3.2-thinking,斜阳,13,0.012218,13,0.065000,14,200,200,1064
b3,五词牌-玉兰主题,type_d,deepseek-3.2-thinking,孤灯,13,0.012218,13,0.065000,15,200,200,1064
b3,五词牌-玉兰主题,type_d,deepseek-3.2-thinking,清风,12,0.011278,12,0.060000,16,200,200,1064
b3,五词牌-玉兰主题,type_d,deepseek-3.2-thinking,学海,12,0.011278,12,0.060000,17,200,200,1064
b3,五词牌-玉兰主题,type_d,deepseek-3.2-thinking,书山,11,0.010338,11,0.055000,18,200,200,1064
b3,五词牌-玉兰主题,type_d,deepseek-3.2-thinking,花影,11,0.010338,11,0.055000,19,200,200,1064
b3,五词牌-玉兰主题,type_d,deepseek-3.2-thinking,愁云,9,0.008459,9,0.045000,20,200,200,1064
b3,五词牌-玉兰主题,type_d,doubao-seed-2.0-pro,玉兰,46,0.029716,46,0.230000,1,200,200,1548
b3,五词牌-玉兰主题,type_d,doubao-seed-2.0-pro,灯窗,32,0.020672,32,0.160000,2,200,200,1548
b3,五词牌-玉兰主题,type_d,doubao-seed-2.0-pro,寒窗,21,0.013566,21,0.105000,3,200,200,1548
b3,五词牌-玉兰主题,type_d,doubao-seed-2.0-pro,春寒,20,0.012920,20,0.100000,4,200,200,1548
b3,五词牌-玉兰主题,type_d,doubao-seed-2.0-pro,清光,18,0.011628,18,0.090000,5,200,200,1548
b3,五词牌-玉兰主题,type_d,doubao-seed-2.0-pro,清芬,18,0.011628,18,0.090000,6,200,200,1548
b3,五词牌-玉兰主题,type_d,doubao-seed-2.0-pro,琼英,17,0.010982,17,0.085000,7,200,200,1548
b3,五词牌-玉兰主题,type_d,doubao-seed-2.0-pro,晴光,16,0.010336,16,0.080000,8,200,200,1548
b3,五词牌-玉兰主题,type_d,doubao-seed-2.0-pro,玉蕊,16,0.010336,16,0.080000,9,200,200,1548
b3,五词牌-玉兰主题,type_d,doubao-seed-2.0-pro,白雪,16,0.010336,16,0.080000,10,200,200,1548
b3,五词牌-玉兰主题,type_d,doubao-seed-2.0-pro,素萼,14,0.009044,14,0.070000,11,200,200,1548
b3,五词牌-玉兰主题,type_d,doubao-seed-2.0-pro,阑干,14,0.009044,14,0.070000,12,200,200,1548
b3,五词牌-玉兰主题,type_d,doubao-seed-2.0-pro,清露,11,0.007106,11,0.055000,13,200,200,1548
b3,五词牌-玉兰主题,type_d,doubao-seed-2.0-pro,案尘,10,0.006460,10,0.050000,14,200,200,1548
b3,五词牌-玉兰主题,type_d,doubao-seed-2.0-pro,回廊,10,0.006460,10,0.050000,15,200,200,1548
b3,五词牌-玉兰主题,type_d,doubao-seed-2.0-pro,小园,10,0.006460,10,0.050000,16,200,200,1548
b3,五词牌-玉兰主题,type_d,doubao-seed-2.0-pro,书卷,10,0.006460,10,0.050000,17,200,200,1548
b3,五词牌-玉兰主题,type_d,doubao-seed-2.0-pro,卷帙,9,0.005814,9,0.045000,18,200,200,1548
b3,五词牌-玉兰主题,type_d,doubao-seed-2.0-pro,玉雪,9,0.005814,9,0.045000,19,200,200,1548
b3,五词牌-玉兰主题,type_d,doubao-seed-2.0-pro,东风,9,0.005814,9,0.045000,20,200,200,1548
b3,五词牌-玉兰主题,type_d,gemini-3.1-pro,青灯,1,0.062500,1,0.500000,1,2,2,16
b3,五词牌-玉兰主题,type_d,gemini-3.1-pro,破卷,1,0.062500,1,0.500000,2,2,2,16
b3,五词牌-玉兰主题,type_d,gemini-3.1-pro,青云,1,0.062500,1,0.500000,3,2,2,16
b3,五词牌-玉兰主题,type_d,gemini-3.1-pro,客舍,1,0.062500,1,0.500000,4,2,2,16
b3,五词牌-玉兰主题,type_d,gemini-3.1-pro,屠龙剑,1,0.062500,1,0.500000,5,2,2,16
b3,五词牌-玉兰主题,type_d,gemini-3.1-pro,高花,1,0.062500,1,0.500000,6,2,2,16
b3,五词牌-玉兰主题,type_d,gemini-3.1-pro,玉杯,1,0.062500,1,0.500000,7,2,2,16
b3,五词牌-玉兰主题,type_d,gemini-3.1-pro,繁枝,1,0.062500,1,0.500000,8,2,2,16
b3,五词牌-玉兰主题,type_d,gemini-3.1-pro,东风,1,0.062500,1,0.500000,9,2,2,16
b3,五词牌-玉兰主题,type_d,gemini-3.1-pro,尘编,1,0.062500,1,0.500000,10,2,2,16
b3,五词牌-玉兰主题,type_d,gemini-3.1-pro,青衫,1,0.062500,1,0.500000,11,2,2,16
b3,五词牌-玉兰主题,type_d,gemini-3.1-pro,长安,1,0.062500,1,0.500000,12,2,2,16
b3,五词牌-玉兰主题,type_d,gemini-3.1-pro,风雨,1,0.062500,1,0.500000,13,2,2,16
b3,五词牌-玉兰主题,type_d,gemini-3.1-pro,长街,1,0.062500,1,0.500000,14,2,2,16
b3,五词牌-玉兰主题,type_d,gemini-3.1-pro,微春,1,0.062500,1,0.500000,15,2,2,16
b3,五词牌-玉兰主题,type_d,gemini-3.1-pro,玉雪,1,0.062500,1,0.500000,16,2,2,16
b3,五词牌-玉兰主题,type_d,qwen3.6-plus,寒窗,63,0.030687,63,0.333333,1,189,189,2053
b3,五词牌-玉兰主题,type_d,qwen3.6-plus,素萼,60,0.029226,60,0.317460,2,189,189,2053
b3,五词牌-玉兰主题,type_d,qwen3.6-plus,长街,45,0.021919,45,0.238095,3,189,189,2053
b3,五词牌-玉兰主题,type_d,qwen3.6-plus,冰绡,38,0.018509,38,0.201058,4,189,189,2053
b3,五词牌-玉兰主题,type_d,qwen3.6-plus,青衫,38,0.018509,38,0.201058,5,189,189,2053
b3,五词牌-玉兰主题,type_d,qwen3.6-plus,书山,37,0.018022,37,0.195767,6,189,189,2053
b3,五词牌-玉兰主题,type_d,qwen3.6-plus,暗香,34,0.016561,34,0.179894,7,189,189,2053
b3,五词牌-玉兰主题,type_d,qwen3.6-plus,星霜,31,0.015100,31,0.164021,8,189,189,2053
b3,五词牌-玉兰主题,type_d,qwen3.6-plus,素影,31,0.015100,31,0.164021,9,189,189,2053
b3,五词牌-玉兰主题,type_d,qwen3.6-plus,东风,26,0.012664,26,0.137566,10,189,189,2053
b3,五词牌-玉兰主题,type_d,qwen3.6-plus,琼枝,25,0.012177,25,0.132275,11,189,189,2053
b3,五词牌-玉兰主题,type_d,qwen3.6-plus,孤影,25,0.012177,25,0.132275,12,189,189,2053
b3,五词牌-玉兰主题,type_d,qwen3.6-plus,孤灯,23,0.011203,23,0.121693,13,189,189,2053
b3,五词牌-玉兰主题,type_d,qwen3.6-plus,青衿,19,0.009255,19,0.100529,14,189,189,2053
b3,五词牌-玉兰主题,type_d,qwen3.6-plus,重门,19,0.009255,19,0.100529,15,189,189,2053
b3,五词牌-玉兰主题,type_d,qwen3.6-plus,青灯,17,0.008281,17,0.089947,16,189,189,2053
b3,五词牌-玉兰主题,type_d,qwen3.6-plus,春风,16,0.007793,16,0.084656,17,189,189,2053
b3,五词牌-玉兰主题,type_d,qwen3.6-plus,玉兰,16,0.007793,16,0.084656,18,189,189,2053
b3,五词牌-玉兰主题,type_d,qwen3.6-plus,冷雨,15,0.007306,15,0.079365,19,189,189,2053
b3,五词牌-玉兰主题,type_d,qwen3.6-plus,琼英,15,0.007306,15,0.079365,20,189,189,2053
c1,沁园春-玉兰主题,type_a,deepseek-3.2-thinking,玉兰,111,0.070164,111,0.555000,1,200,200,1582
c1,沁园春-玉兰主题,type_a,deepseek-3.2-thinking,玉树,68,0.042984,68,0.340000,2,200,200,1582
c1,沁园春-玉兰主题,type_a,deepseek-3.2-thinking,琼枝,60,0.037927,60,0.300000,3,200,200,1582
c1,沁园春-玉兰主题,type_a,deepseek-3.2-thinking,寒窗,38,0.024020,38,0.190000,4,200,200,1582
c1,沁园春-玉兰主题,type_a,deepseek-3.2-thinking,清香,37,0.023388,37,0.185000,5,200,200,1582
c1,沁园春-玉兰主题,type_a,deepseek-3.2-thinking,风霜,33,0.020860,33,0.165000,6,200,200,1582
c1,沁园春-玉兰主题,type_a,deepseek-3.2-thinking,春风,32,0.020228,32,0.160000,7,200,200,1582
c1,沁园春-玉兰主题,type_a,deepseek-3.2-thinking,春寒,26,0.016435,26,0.130000,8,200,200,1582
c1,沁园春-玉兰主题,type_a,deepseek-3.2-thinking,幽香,22,0.013906,22,0.110000,9,200,200,1582
c1,沁园春-玉兰主题,type_a,deepseek-3.2-thinking,孤灯,20,0.012642,20,0.100000,10,200,200,1582
c1,沁园春-玉兰主题,type_a,deepseek-3.2-thinking,雪,20,0.012642,20,0.100000,11,200,200,1582
c1,沁园春-玉兰主题,type_a,deepseek-3.2-thinking,风雨,18,0.011378,18,0.090000,12,200,200,1582
c1,沁园春-玉兰主题,type_a,deepseek-3.2-thinking,白雪,18,0.011378,18,0.090000,13,200,200,1582
c1,沁园春-玉兰主题,type_a,deepseek-3.2-thinking,素蕊,17,0.010746,17,0.085000,14,200,200,1582
c1,沁园春-玉兰主题,type_a,deepseek-3.2-thinking,明月,17,0.010746,17,0.085000,15,200,200,1582
c1,沁园春-玉兰主题,type_a,deepseek-3.2-thinking,云,17,0.010746,17,0.085000,16,200,200,1582
c1,沁园春-玉兰主题,type_a,deepseek-3.2-thinking,书山,15,0.009482,15,0.075000,17,200,200,1582
c1,沁园春-玉兰主题,type_a,deepseek-3.2-thinking,琼英,15,0.009482,15,0.075000,18,200,200,1582
c1,沁园春-玉兰主题,type_a,deepseek-3.2-thinking,琼花,13,0.008217,13,0.065000,19,200,200,1582
c1,沁园春-玉兰主题,type_a,deepseek-3.2-thinking,书卷,13,0.008217,13,0.065000,20,200,200,1582
c1,沁园春-玉兰主题,type_a,doubao-seed-2.0-pro,风埃,59,0.027661,59,0.295000,1,200,200,2133
c1,沁园春-玉兰主题,type_a,doubao-seed-2.0-pro,清芬,53,0.024848,53,0.265000,2,200,200,2133
c1,沁园春-玉兰主题,type_a,doubao-seed-2.0-pro,琼英,43,0.020159,43,0.215000,3,200,200,2133
c1,沁园春-玉兰主题,type_a,doubao-seed-2.0-pro,灯窗,35,0.016409,35,0.175000,4,200,200,2133
c1,沁园春-玉兰主题,type_a,doubao-seed-2.0-pro,尘笺,30,0.014065,30,0.150000,5,200,200,2133
c1,沁园春-玉兰主题,type_a,doubao-seed-2.0-pro,晴光,29,0.013596,29,0.145000,6,200,200,2133
c1,沁园春-玉兰主题,type_a,doubao-seed-2.0-pro,玉兰,27,0.012658,27,0.135000,7,200,200,2133
c1,沁园春-玉兰主题,type_a,doubao-seed-2.0-pro,冰蕤,26,0.012189,26,0.130000,8,200,200,2133
c1,沁园春-玉兰主题,type_a,doubao-seed-2.0-pro,长风,26,0.012189,26,0.130000,9,200,200,2133
c1,沁园春-玉兰主题,type_a,doubao-seed-2.0-pro,阑干,24,0.011252,24,0.120000,10,200,200,2133
c1,沁园春-玉兰主题,type_a,doubao-seed-2.0-pro,清光,21,0.009845,21,0.105000,11,200,200,2133
c1,沁园春-玉兰主题,type_a,doubao-seed-2.0-pro,残灯,19,0.008908,19,0.095000,12,200,200,2133
c1,沁园春-玉兰主题,type_a,doubao-seed-2.0-pro,白雪,17,0.007970,17,0.085000,13,200,200,2133
c1,沁园春-玉兰主题,type_a,doubao-seed-2.0-pro,征衫,16,0.007501,16,0.080000,14,200,200,2133
c1,沁园春-玉兰主题,type_a,doubao-seed-2.0-pro,琼枝,16,0.007501,16,0.080000,15,200,200,2133
c1,沁园春-玉兰主题,type_a,doubao-seed-2.0-pro,云程,16,0.007501,16,0.080000,16,200,200,2133
c1,沁园春-玉兰主题,type_a,doubao-seed-2.0-pro,春寒,15,0.007032,15,0.075000,17,200,200,2133
c1,沁园春-玉兰主题,type_a,doubao-seed-2.0-pro,冷雨,14,0.006564,14,0.070000,18,200,200,2133
c1,沁园春-玉兰主题,type_a,doubao-seed-2.0-pro,寒霜,14,0.006564,14,0.070000,19,200,200,2133
c1,沁园春-玉兰主题,type_a,doubao-seed-2.0-pro,琼葩,14,0.006564,14,0.070000,20,200,200,2133
c1,沁园春-玉兰主题,type_a,gemini-3.1-pro,残书,1,0.062500,1,0.500000,1,2,2,16
c1,沁园春-玉兰主题,type_a,gemini-3.1-pro,长街,1,0.062500,1,0.500000,2,2,2,16
c1,沁园春-玉兰主题,type_a,gemini-3.1-pro,风雨,1,0.062500,1,0.500000,3,2,2,16
c1,沁园春-玉兰主题,type_a,gemini-3.1-pro,孤灯,1,0.062500,1,0.500000,4,2,2,16
c1,沁园春-玉兰主题,type_a,gemini-3.1-pro,繁枝,1,0.062500,1,0.500000,5,2,2,16
c1,沁园春-玉兰主题,type_a,gemini-3.1-pro,冰雪,1,0.062500,1,0.500000,6,2,2,16
c1,沁园春-玉兰主题,type_a,gemini-3.1-pro,长风,1,0.062500,1,0.500000,7,2,2,16
c1,沁园春-玉兰主题,type_a,gemini-3.1-pro,微灯,1,0.062500,1,0.500000,8,2,2,16
c1,沁园春-玉兰主题,type_a,gemini-3.1-pro,虚堂,1,0.062500,1,0.500000,9,2,2,16
c1,沁园春-玉兰主题,type_a,gemini-3.1-pro,卷帙,1,0.062500,1,0.500000,10,2,2,16
c1,沁园春-玉兰主题,type_a,gemini-3.1-pro,星霜,1,0.062500,1,0.500000,11,2,2,16
c1,沁园春-玉兰主题,type_a,gemini-3.1-pro,琼姿,1,0.062500,1,0.500000,12,2,2,16
c1,沁园春-玉兰主题,type_a,gemini-3.1-pro,暗香,1,0.062500,1,0.500000,13,2,2,16
c1,沁园春-玉兰主题,type_a,gemini-3.1-pro,瑶英,1,0.062500,1,0.500000,14,2,2,16
c1,沁园春-玉兰主题,type_a,gemini-3.1-pro,晓光,1,0.062500,1,0.500000,15,2,2,16
c1,沁园春-玉兰主题,type_a,gemini-3.1-pro,幽芳,1,0.062500,1,0.500000,16,2,2,16
c1,沁园春-玉兰主题,type_a,qwen3.6-plus,琼枝,52,0.027311,52,0.348993,1,149,149,1904
c1,沁园春-玉兰主题,type_a,qwen3.6-plus,寒窗,46,0.024160,46,0.308725,2,149,149,1904
c1,沁园春-玉兰主题,type_a,qwen3.6-plus,素萼,37,0.019433,37,0.248322,3,149,149,1904
c1,沁园春-玉兰主题,type_a,qwen3.6-plus,长街,34,0.017857,34,0.228188,4,149,149,1904
c1,沁园春-玉兰主题,type_a,qwen3.6-plus,青衫,30,0.015756,30,0.201342,5,149,149,1904
c1,沁园春-玉兰主题,type_a,qwen3.6-plus,琼英,28,0.014706,28,0.187919,6,149,149,1904
c1,沁园春-玉兰主题,type_a,qwen3.6-plus,书山,25,0.013130,25,0.167785,7,149,149,1904
c1,沁园春-玉兰主题,type_a,qwen3.6-plus,冰绡,25,0.013130,25,0.167785,8,149,149,1904
c1,沁园春-玉兰主题,type_a,qwen3.6-plus,青衿,25,0.013130,25,0.167785,9,149,149,1904
c1,沁园春-玉兰主题,type_a,qwen3.6-plus,素影,24,0.012605,24,0.161074,10,149,149,1904
c1,沁园春-玉兰主题,type_a,qwen3.6-plus,星霜,23,0.012080,23,0.154362,11,149,149,1904
c1,沁园春-玉兰主题,type_a,qwen3.6-plus,长风,19,0.009979,19,0.127517,12,149,149,1904
c1,沁园春-玉兰主题,type_a,qwen3.6-plus,孤灯,18,0.009454,18,0.120805,13,149,149,1904
c1,沁园春-玉兰主题,type_a,qwen3.6-plus,星槎,16,0.008403,16,0.107383,14,149,149,1904
c1,沁园春-玉兰主题,type_a,qwen3.6-plus,雪,16,0.008403,16,0.107383,15,149,149,1904
c1,沁园春-玉兰主题,type_a,qwen3.6-plus,清芬,15,0.007878,15,0.100671,16,149,149,1904
c1,沁园春-玉兰主题,type_a,qwen3.6-plus,残编,14,0.007353,14,0.093960,17,149,149,1904
c1,沁园春-玉兰主题,type_a,qwen3.6-plus,朱门,13,0.006828,13,0.087248,18,149,149,1904
c1,沁园春-玉兰主题,type_a,qwen3.6-plus,庭柯,13,0.006828,13,0.087248,19,149,149,1904
c1,沁园春-玉兰主题,type_a,qwen3.6-plus,关山,13,0.006828,13,0.087248,20,149,149,1904
c2,沁园春-改革主题,type_e,deepseek-3.2-thinking,晨钟,29,0.050699,29,0.292929,1,99,99,572
c2,沁园春-改革主题,type_e,deepseek-3.2-thinking,暮鼓,28,0.048951,28,0.282828,2,99,99,572
c2,沁园春-改革主题,type_e,deepseek-3.2-thinking,春风,17,0.029720,17,0.171717,3,99,99,572
c2,沁园春-改革主题,type_e,deepseek-3.2-thinking,宗门,14,0.024476,14,0.141414,4,99,99,572
c2,沁园春-改革主题,type_e,deepseek-3.2-thinking,弟子,13,0.022727,13,0.131313,5,99,99,572
c2,沁园春-改革主题,type_e,deepseek-3.2-thinking,长老,13,0.022727,13,0.131313,6,99,99,572
c2,沁园春-改革主题,type_e,deepseek-3.2-thinking,云山,11,0.019231,11,0.111111,7,99,99,572
c2,沁园春-改革主题,type_e,deepseek-3.2-thinking,樊笼,10,0.017483,10,0.101010,8,99,99,572
c2,沁园春-改革主题,type_e,deepseek-3.2-thinking,前路,9,0.015734,9,0.090909,9,99,99,572
c2,沁园春-改革主题,type_e,deepseek-3.2-thinking,牢笼,9,0.015734,9,0.090909,10,99,99,572
c2,沁园春-改革主题,type_e,deepseek-3.2-thinking,苍天,8,0.013986,8,0.080808,11,99,99,572
c2,沁园春-改革主题,type_e,deepseek-3.2-thinking,清风,7,0.012238,7,0.070707,12,99,99,572
c2,沁园春-改革主题,type_e,deepseek-3.2-thinking,明月,7,0.012238,7,0.070707,13,99,99,572
c2,沁园春-改革主题,type_e,deepseek-3.2-thinking,天道,7,0.012238,7,0.070707,14,99,99,572
c2,沁园春-改革主题,type_e,deepseek-3.2-thinking,妖魔,7,0.012238,7,0.070707,15,99,99,572
c2,沁园春-改革主题,type_e,deepseek-3.2-thinking,长夜,6,0.010490,6,0.060606,16,99,99,572
c2,沁园春-改革主题,type_e,deepseek-3.2-thinking,桎梏,6,0.010490,6,0.060606,17,99,99,572
c2,沁园春-改革主题,type_e,deepseek-3.2-thinking,规矩,6,0.010490,6,0.060606,18,99,99,572
c2,沁园春-改革主题,type_e,deepseek-3.2-thinking,旧制,6,0.010490,6,0.060606,19,99,99,572
c2,沁园春-改革主题,type_e,deepseek-3.2-thinking,云雾,6,0.010490,6,0.060606,20,99,99,572
c2,沁园春-改革主题,type_e,doubao-seed-2.0-pro,樊笼,23,0.023810,23,0.230000,1,100,100,966
c2,沁园春-改革主题,type_e,doubao-seed-2.0-pro,仙峰,23,0.023810,23,0.230000,2,100,100,966
c2,沁园春-改革主题,type_e,doubao-seed-2.0-pro,丹台,22,0.022774,22,0.220000,3,100,100,966
c2,沁园春-改革主题,type_e,doubao-seed-2.0-pro,青衿,18,0.018634,18,0.180000,4,100,100,966
c2,沁园春-改革主题,type_e,doubao-seed-2.0-pro,万木,15,0.015528,15,0.150000,5,100,100,966
c2,沁园春-改革主题,type_e,doubao-seed-2.0-pro,云,12,0.012422,12,0.120000,6,100,100,966
c2,沁园春-改革主题,type_e,doubao-seed-2.0-pro,剑影,12,0.012422,12,0.120000,7,100,100,966
c2,沁园春-改革主题,type_e,doubao-seed-2.0-pro,劫火,11,0.011387,11,0.110000,8,100,100,966
c2,沁园春-改革主题,type_e,doubao-seed-2.0-pro,万壑,10,0.010352,10,0.100000,9,100,100,966
c2,沁园春-改革主题,type_e,doubao-seed-2.0-pro,鹤,10,0.010352,10,0.100000,10,100,100,966
c2,沁园春-改革主题,type_e,doubao-seed-2.0-pro,灵根,10,0.010352,10,0.100000,11,100,100,966
c2,沁园春-改革主题,type_e,doubao-seed-2.0-pro,云涛,10,0.010352,10,0.100000,12,100,100,966
c2,沁园春-改革主题,type_e,doubao-seed-2.0-pro,妖氛,10,0.010352,10,0.100000,13,100,100,966
c2,沁园春-改革主题,type_e,doubao-seed-2.0-pro,松风,10,0.010352,10,0.100000,14,100,100,966
c2,沁园春-改革主题,type_e,doubao-seed-2.0-pro,雾,10,0.010352,10,0.100000,15,100,100,966
c2,沁园春-改革主题,type_e,doubao-seed-2.0-pro,霜,9,0.009317,9,0.090000,16,100,100,966
c2,沁园春-改革主题,type_e,doubao-seed-2.0-pro,丹炉,9,0.009317,9,0.090000,17,100,100,966
c2,沁园春-改革主题,type_e,doubao-seed-2.0-pro,弟子,8,0.008282,8,0.080000,18,100,100,966
c2,沁园春-改革主题,type_e,doubao-seed-2.0-pro,松涛,8,0.008282,8,0.080000,19,100,100,966
c2,沁园春-改革主题,type_e,doubao-seed-2.0-pro,稚子,6,0.006211,6,0.060000,20,100,100,966
c2,沁园春-改革主题,type_e,qwen3.6-plus,青衿,27,0.027950,27,0.415385,1,65,65,966
c2,沁园春-改革主题,type_e,qwen3.6-plus,丹炉,26,0.026915,26,0.400000,2,65,65,966
c2,沁园春-改革主题,type_e,qwen3.6-plus,灵根,24,0.024845,24,0.369231,3,65,65,966
c2,沁园春-改革主题,type_e,qwen3.6-plus,剑阁,19,0.019669,19,0.292308,4,65,65,966
c2,沁园春-改革主题,type_e,qwen3.6-plus,铁律,14,0.014493,14,0.215385,5,65,65,966
c2,沁园春-改革主题,type_e,qwen3.6-plus,长风,13,0.013458,13,0.200000,6,65,65,966
c2,沁园春-改革主题,type_e,qwen3.6-plus,青锋,12,0.012422,12,0.184615,7,65,65,966
c2,沁园春-改革主题,type_e,qwen3.6-plus,剑阵,11,0.011387,11,0.169231,8,65,65,966
c2,沁园春-改革主题,type_e,qwen3.6-plus,剑气,11,0.011387,11,0.169231,9,65,65,966
c2,沁园春-改革主题,type_e,qwen3.6-plus,星斗,10,0.010352,10,0.153846,10,65,65,966
c2,沁园春-改革主题,type_e,qwen3.6-plus,寒霜,9,0.009317,9,0.138462,11,65,65,966
c2,沁园春-改革主题,type_e,qwen3.6-plus,劫火,9,0.009317,9,0.138462,12,65,65,966
c2,沁园春-改革主题,type_e,qwen3.6-plus,冷月,8,0.008282,8,0.123077,13,65,65,966
c2,沁园春-改革主题,type_e,qwen3.6-plus,松涛,7,0.007246,7,0.107692,14,65,65,966
c2,沁园春-改革主题,type_e,qwen3.6-plus,重关,7,0.007246,7,0.107692,15,65,65,966
c2,沁园春-改革主题,type_e,qwen3.6-plus,春雷,6,0.006211,6,0.092308,16,65,65,966
c2,沁园春-改革主题,type_e,qwen3.6-plus,寒星,6,0.006211,6,0.092308,17,65,65,966
c2,沁园春-改革主题,type_e,qwen3.6-plus,星槎,6,0.006211,6,0.092308,18,65,65,966
c2,沁园春-改革主题,type_e,qwen3.6-plus,鹤梦,6,0.006211,6,0.092308,19,65,65,966
c2,沁园春-改革主题,type_e,qwen3.6-plus,陈枷,6,0.006211,6,0.092308,20,65,65,966
